actualized,aqi,aqiDescription,classif,CO,Code,DateFromUTC,DateToUTC,domain_name,identifier,latitude,longitude,name,NO2,O3,owner,PM10,PM10_24,PM2_5,SO2,source_timestamp
2018-09-21 23:47 CEST,2,good,urban,0,ABREA,2018-09-21 20:00:00.0 UTC,2018-09-21 21:00:00.0 UTC,airqualityreports,ABREA,50.084385,14.380116,Praha 6-Brevnov,6.3,0,CHMI,33,20.6,0,0,2018-09-21 23:47:00.0
2018-09-21 23:47 CEST,2,good,urban,0,ACHOA,2018-09-21 20:00:00.0 UTC,2018-09-21 21:00:00.0 UTC,airqualityreports,ACHOA,50.03017,14.51745,Praha 4-Chodov,6.5,0,CHMI,34,18.9,0,0,2018-09-21 23:47:00.0
2018-09-21 23:47 CEST,2,good,traffic,0,AKALA,2018-09-21 20:00:00.0 UTC,2018-09-21 21:00:00.0 UTC,airqualityreports,AKALA,50.094238,14.442049,Praha 8-Karlin,6.1,0,CHMI,20,34.3,0,0,2018-09-21 23:47:00.0
2018-09-21 23:47 CEST,2,good,suburban,0,AKOBA,2018-09-21 20:00:00.0 UTC,2018-09-21 21:00:00.0 UTC,airqualityreports,AKOBA,50.122189,14.467578,Praha 8-Kobylisy,6.3,60,CHMI,33,24.9,0,0,2018-09-21 23:47:00.0
2018-09-21 23:47 CEST,2,good,traffic,291,ALEGA,2018-09-21 20:00:00.0 UTC,2018-09-21 21:00:00.0 UTC,airqualityreports,ALEGA,50.072388,14.430673,Praha 2-Legerova,23,0,CHMI,7,24.3,4,0,2018-09-21 23:47:00.0
2018-09-21 23:47 CEST,2,good,traffic,0,ALERA,2018-09-21 20:00:00.0 UTC,2018-09-21 21:00:00.0 UTC,airqualityreports,ALERA,50.107086,14.257226,Letiste Praha,14.5,0,Letiste Pr,16,30.5,20,0,2018-09-21 23:47:00.0
2018-09-21 23:47 CEST,2,good,suburban,320,ALIBA,2018-09-21 20:00:00.0 UTC,2018-09-21 21:00:00.0 UTC,airqualityreports,ALIBA,50.007305,14.445933,Praha 4-Libus,6.3,64.8,CHMI,20.7,17.5,11.8,2.9,2018-09-21 23:47:00.0
2018-09-21 23:47 CEST,2,good,traffic,0,APRUA,2018-09-21 20:00:00.0 UTC,2018-09-21 21:00:00.0 UTC,airqualityreports,APRUA,50.062298,14.53782,Praha 10-Prumyslova,12.4,0,CHMI,36,50,0,0,2018-09-21 23:47:00.0
2018-09-21 23:47 CEST,3,fair,urban,0,AREPA,2018-09-21 20:00:00.0 UTC,2018-09-21 21:00:00.0 UTC,airqualityreports,AREPA,50.088066,14.42922,Praha 1-n. Republiky,18.7,0,CHMI,42,26,0,0,2018-09-21 23:47:00.0
2018-09-21 23:47 CEST,2,good,suburban,0,ARERA,2018-09-21 20:00:00.0 UTC,2018-09-21 21:00:00.0 UTC,airqualityreports,ARERA,50.030418,14.309517,Praha 5-Reporyje,6.9,0,ZU Usti nL,7,33.4,4,0,2018-09-21 23:47:00.0
2018-09-21 23:47 CEST,2,good,urban,0,ARIEA,2018-09-21 20:00:00.0 UTC,2018-09-21 21:00:00.0 UTC,airqualityreports,ARIEA,50.081482,14.442692,Praha 2-Riegrovy sady,10.1,61.8,CHMI,29,26.7,23,1.3,2018-09-21 23:47:00.0
2018-09-21 23:47 CEST,2,good,traffic,0,ASMIA,2018-09-21 20:00:00.0 UTC,2018-09-21 21:00:00.0 UTC,airqualityreports,ASMIA,50.073135,14.398141,Praha 5-Smichov,5.9,0,CHMI,33,39.4,38,0,2018-09-21 23:47:00.0
2018-09-21 23:47 CEST,2,good,urban,0,ASROA,2018-09-21 20:00:00.0 UTC,2018-09-21 21:00:00.0 UTC,airqualityreports,ASROA,50.07515,14.472661,Praha 10-Srobarova,4,0,SZU,6,18.5,3,0,2018-09-21 23:47:00.0
2018-09-21 23:47 CEST,2,good,urban,0,ASTOA,2018-09-21 20:00:00.0 UTC,2018-09-21 21:00:00.0 UTC,airqualityreports,ASTOA,50.046131,14.331413,Praha 5-Stodulky,0,57.9,CHMI,23,21.8,15,0,2018-09-21 23:47:00.0
2018-09-21 23:47 CEST,2,good,suburban,0,ASUCA,2018-09-21 20:00:00.0 UTC,2018-09-21 21:00:00.0 UTC,airqualityreports,ASUCA,50.12653,14.384639,Praha 6-Suchdol,0,65,CHMI,20,22.1,0,0,2018-09-21 23:47:00.0
2018-09-21 23:47 CEST,2,good,traffic,0,AVRSA,2018-09-21 20:00:00.0 UTC,2018-09-21 21:00:00.0 UTC,airqualityreports,AVRSA,50.066429,14.446152,Praha 10-Vrsovice,0,0,CHMI,38,34.9,0,0,2018-09-21 23:47:00.0
2018-09-21 23:47 CEST,2,good,traffic,0,AVYNA,2018-09-21 20:00:00.0 UTC,2018-09-21 21:00:00.0 UTC,airqualityreports,AVYNA,50.11108,14.503096,Praha 9-Vysocany,15.1,54.9,CHMI,15,35.6,0,0,2018-09-21 23:47:00.0
2018-09-21 23:24 CEST,2,good,urban,0,ABREA,2018-09-21 20:00:00.0 UTC,2018-09-21 21:00:00.0 UTC,airqualityreports,ABREA,50.084385,14.380116,Praha 6-Brevnov,6.3,0,CHMI,33,20.6,0,0,2018-09-21 23:24:00.0
2018-09-21 23:24 CEST,2,good,urban,0,ACHOA,2018-09-21 20:00:00.0 UTC,2018-09-21 21:00:00.0 UTC,airqualityreports,ACHOA,50.03017,14.51745,Praha 4-Chodov,6.5,0,CHMI,34,18.9,0,0,2018-09-21 23:24:00.0
2018-09-21 23:24 CEST,2,good,traffic,0,AKALA,2018-09-21 20:00:00.0 UTC,2018-09-21 21:00:00.0 UTC,airqualityreports,AKALA,50.094238,14.442049,Praha 8-Karlin,6.1,0,CHMI,20,34.3,0,0,2018-09-21 23:24:00.0
2018-09-21 23:24 CEST,2,good,suburban,0,AKOBA,2018-09-21 20:00:00.0 UTC,2018-09-21 21:00:00.0 UTC,airqualityreports,AKOBA,50.122189,14.467578,Praha 8-Kobylisy,6.3,60,CHMI,33,24.9,0,0,2018-09-21 23:24:00.0
2018-09-21 23:24 CEST,2,good,traffic,291,ALEGA,2018-09-21 20:00:00.0 UTC,2018-09-21 21:00:00.0 UTC,airqualityreports,ALEGA,50.072388,14.430673,Praha 2-Legerova,23,0,CHMI,7,24.3,4,0,2018-09-21 23:24:00.0
2018-09-21 23:24 CEST,2,good,traffic,0,ALERA,2018-09-21 20:00:00.0 UTC,2018-09-21 21:00:00.0 UTC,airqualityreports,ALERA,50.107086,14.257226,Letiste Praha,14.5,0,Letiste Pr,16,30.5,20,0,2018-09-21 23:24:00.0
2018-09-21 23:24 CEST,2,good,suburban,320,ALIBA,2018-09-21 20:00:00.0 UTC,2018-09-21 21:00:00.0 UTC,airqualityreports,ALIBA,50.007305,14.445933,Praha 4-Libus,6.3,64.8,CHMI,20.7,17.5,11.8,2.9,2018-09-21 23:24:00.0
2018-09-21 23:24 CEST,2,good,traffic,0,APRUA,2018-09-21 20:00:00.0 UTC,2018-09-21 21:00:00.0 UTC,airqualityreports,APRUA,50.062298,14.53782,Praha 10-Prumyslova,12.4,0,CHMI,36,50,0,0,2018-09-21 23:24:00.0
2018-09-21 23:24 CEST,3,fair,urban,0,AREPA,2018-09-21 20:00:00.0 UTC,2018-09-21 21:00:00.0 UTC,airqualityreports,AREPA,50.088066,14.42922,Praha 1-n. Republiky,18.7,0,CHMI,42,26,0,0,2018-09-21 23:24:00.0
2018-09-21 23:24 CEST,2,good,suburban,0,ARERA,2018-09-21 20:00:00.0 UTC,2018-09-21 21:00:00.0 UTC,airqualityreports,ARERA,50.030418,14.309517,Praha 5-Reporyje,6.9,0,ZU Usti nL,7,33.4,4,0,2018-09-21 23:24:00.0
2018-09-21 23:24 CEST,2,good,urban,0,ARIEA,2018-09-21 20:00:00.0 UTC,2018-09-21 21:00:00.0 UTC,airqualityreports,ARIEA,50.081482,14.442692,Praha 2-Riegrovy sady,10.1,61.8,CHMI,29,26.7,23,1.3,2018-09-21 23:24:00.0
2018-09-21 23:24 CEST,2,good,traffic,0,ASMIA,2018-09-21 20:00:00.0 UTC,2018-09-21 21:00:00.0 UTC,airqualityreports,ASMIA,50.073135,14.398141,Praha 5-Smichov,5.9,0,CHMI,33,39.4,38,0,2018-09-21 23:24:00.0
2018-09-21 23:24 CEST,2,good,urban,0,ASROA,2018-09-21 20:00:00.0 UTC,2018-09-21 21:00:00.0 UTC,airqualityreports,ASROA,50.07515,14.472661,Praha 10-Srobarova,4,0,SZU,6,18.5,3,0,2018-09-21 23:24:00.0
2018-09-21 23:24 CEST,2,good,urban,0,ASTOA,2018-09-21 20:00:00.0 UTC,2018-09-21 21:00:00.0 UTC,airqualityreports,ASTOA,50.046131,14.331413,Praha 5-Stodulky,0,57.9,CHMI,23,21.8,15,0,2018-09-21 23:24:00.0
2018-09-21 23:24 CEST,2,good,suburban,0,ASUCA,2018-09-21 20:00:00.0 UTC,2018-09-21 21:00:00.0 UTC,airqualityreports,ASUCA,50.12653,14.384639,Praha 6-Suchdol,0,65,CHMI,20,22.1,0,0,2018-09-21 23:24:00.0
2018-09-21 23:24 CEST,2,good,traffic,0,AVRSA,2018-09-21 20:00:00.0 UTC,2018-09-21 21:00:00.0 UTC,airqualityreports,AVRSA,50.066429,14.446152,Praha 10-Vrsovice,0,0,CHMI,38,34.9,0,0,2018-09-21 23:24:00.0
2018-09-21 23:24 CEST,2,good,traffic,0,AVYNA,2018-09-21 20:00:00.0 UTC,2018-09-21 21:00:00.0 UTC,airqualityreports,AVYNA,50.11108,14.503096,Praha 9-Vysocany,15.1,54.9,CHMI,15,35.6,0,0,2018-09-21 23:24:00.0
2018-09-21 22:47 CEST,3,fair,urban,0,ABREA,2018-09-21 19:00:00.0 UTC,2018-09-21 20:00:00.0 UTC,airqualityreports,ABREA,50.084385,14.380116,Praha 6-Brevnov,8,0,CHMI,47,20.3,0,0,2018-09-21 22:47:00.0
2018-09-21 22:47 CEST,3,fair,urban,0,ACHOA,2018-09-21 19:00:00.0 UTC,2018-09-21 20:00:00.0 UTC,airqualityreports,ACHOA,50.03017,14.51745,Praha 4-Chodov,9.9,0,CHMI,19,18.5,0,0,2018-09-21 22:47:00.0
2018-09-21 22:47 CEST,3,fair,traffic,0,AKALA,2018-09-21 19:00:00.0 UTC,2018-09-21 20:00:00.0 UTC,airqualityreports,AKALA,50.094238,14.442049,Praha 8-Karlin,20.7,0,CHMI,21,35.2,0,0,2018-09-21 22:47:00.0
2018-09-21 22:47 CEST,3,fair,suburban,0,AKOBA,2018-09-21 19:00:00.0 UTC,2018-09-21 20:00:00.0 UTC,airqualityreports,AKOBA,50.122189,14.467578,Praha 8-Kobylisy,10.3,68.6,CHMI,41,25.1,0,0,2018-09-21 22:47:00.0
2018-09-21 22:47 CEST,3,fair,traffic,295,ALEGA,2018-09-21 19:00:00.0 UTC,2018-09-21 20:00:00.0 UTC,airqualityreports,ALEGA,50.072388,14.430673,Praha 2-Legerova,19.5,0,CHMI,12,25.4,8,0,2018-09-21 22:47:00.0
2018-09-21 22:47 CEST,3,fair,traffic,0,ALERA,2018-09-21 19:00:00.0 UTC,2018-09-21 20:00:00.0 UTC,airqualityreports,ALERA,50.107086,14.257226,Letiste Praha,10.9,0,Letiste Pr,36,31.1,21,0,2018-09-21 22:47:00.0
2018-09-21 22:47 CEST,3,fair,suburban,317,ALIBA,2018-09-21 19:00:00.0 UTC,2018-09-21 20:00:00.0 UTC,airqualityreports,ALIBA,50.007305,14.445933,Praha 4-Libus,10.9,77.4,CHMI,27.9,17.2,12.7,1.3,2018-09-21 22:47:00.0
2018-09-21 22:47 CEST,3,fair,traffic,0,APRUA,2018-09-21 19:00:00.0 UTC,2018-09-21 20:00:00.0 UTC,airqualityreports,APRUA,50.062298,14.53782,Praha 10-Prumyslova,17,0,CHMI,30,49.6,0,0,2018-09-21 22:47:00.0
2018-09-21 22:47 CEST,3,fair,urban,0,AREPA,2018-09-21 19:00:00.0 UTC,2018-09-21 20:00:00.0 UTC,airqualityreports,AREPA,50.088066,14.42922,Praha 1-n. Republiky,18.9,0,CHMI,32,26.3,0,0,2018-09-21 22:47:00.0
2018-09-21 22:47 CEST,3,fair,suburban,0,ARERA,2018-09-21 19:00:00.0 UTC,2018-09-21 20:00:00.0 UTC,airqualityreports,ARERA,50.030418,14.309517,Praha 5-Reporyje,8.6,0,ZU Usti nL,13,34.1,7,0,2018-09-21 22:47:00.0
2018-09-21 22:47 CEST,3,fair,urban,0,ARIEA,2018-09-21 19:00:00.0 UTC,2018-09-21 20:00:00.0 UTC,airqualityreports,ARIEA,50.081482,14.442692,Praha 2-Riegrovy sady,14.3,69,CHMI,42,26.8,26,1.3,2018-09-21 22:47:00.0
2018-09-21 22:47 CEST,3,fair,traffic,0,ASMIA,2018-09-21 19:00:00.0 UTC,2018-09-21 20:00:00.0 UTC,airqualityreports,ASMIA,50.073135,14.398141,Praha 5-Smichov,26.8,0,CHMI,48,39.4,49,0,2018-09-21 22:47:00.0
2018-09-21 22:47 CEST,3,fair,urban,0,ASROA,2018-09-21 19:00:00.0 UTC,2018-09-21 20:00:00.0 UTC,airqualityreports,ASROA,50.07515,14.472661,Praha 10-Srobarova,12.1,0,SZU,11,19,7,0,2018-09-21 22:47:00.0
2018-09-21 22:47 CEST,3,fair,urban,0,ASTOA,2018-09-21 19:00:00.0 UTC,2018-09-21 20:00:00.0 UTC,airqualityreports,ASTOA,50.046131,14.331413,Praha 5-Stodulky,0,71.4,CHMI,28,21.6,23,0,2018-09-21 22:47:00.0
2018-09-21 22:47 CEST,3,fair,suburban,0,ASUCA,2018-09-21 19:00:00.0 UTC,2018-09-21 20:00:00.0 UTC,airqualityreports,ASUCA,50.12653,14.384639,Praha 6-Suchdol,0,75,CHMI,38,22.5,0,0,2018-09-21 22:47:00.0
2018-09-21 22:47 CEST,3,fair,traffic,0,AVRSA,2018-09-21 19:00:00.0 UTC,2018-09-21 20:00:00.0 UTC,airqualityreports,AVRSA,50.066429,14.446152,Praha 10-Vrsovice,0,0,CHMI,47,35,0,0,2018-09-21 22:47:00.0
2018-09-21 22:47 CEST,3,fair,traffic,0,AVYNA,2018-09-21 19:00:00.0 UTC,2018-09-21 20:00:00.0 UTC,airqualityreports,AVYNA,50.11108,14.503096,Praha 9-Vysocany,22.4,59.9,CHMI,63,36.5,0,0,2018-09-21 22:47:00.0
2018-09-21 22:24 CEST,3,fair,urban,0,ABREA,2018-09-21 19:00:00.0 UTC,2018-09-21 20:00:00.0 UTC,airqualityreports,ABREA,50.084385,14.380116,Praha 6-Brevnov,8,0,CHMI,47,20.3,0,0,2018-09-21 22:24:00.0
2018-09-21 22:24 CEST,3,fair,urban,0,ACHOA,2018-09-21 19:00:00.0 UTC,2018-09-21 20:00:00.0 UTC,airqualityreports,ACHOA,50.03017,14.51745,Praha 4-Chodov,9.9,0,CHMI,19,18.5,0,0,2018-09-21 22:24:00.0
2018-09-21 22:24 CEST,3,fair,traffic,0,AKALA,2018-09-21 19:00:00.0 UTC,2018-09-21 20:00:00.0 UTC,airqualityreports,AKALA,50.094238,14.442049,Praha 8-Karlin,20.7,0,CHMI,21,35.2,0,0,2018-09-21 22:24:00.0
2018-09-21 22:24 CEST,3,fair,suburban,0,AKOBA,2018-09-21 19:00:00.0 UTC,2018-09-21 20:00:00.0 UTC,airqualityreports,AKOBA,50.122189,14.467578,Praha 8-Kobylisy,10.3,68.6,CHMI,41,25.1,0,0,2018-09-21 22:24:00.0
2018-09-21 22:24 CEST,3,fair,traffic,295,ALEGA,2018-09-21 19:00:00.0 UTC,2018-09-21 20:00:00.0 UTC,airqualityreports,ALEGA,50.072388,14.430673,Praha 2-Legerova,19.5,0,CHMI,12,25.4,8,0,2018-09-21 22:24:00.0
2018-09-21 22:24 CEST,3,fair,traffic,0,ALERA,2018-09-21 19:00:00.0 UTC,2018-09-21 20:00:00.0 UTC,airqualityreports,ALERA,50.107086,14.257226,Letiste Praha,10.9,0,Letiste Pr,36,31.1,21,0,2018-09-21 22:24:00.0
2018-09-21 22:24 CEST,3,fair,suburban,317,ALIBA,2018-09-21 19:00:00.0 UTC,2018-09-21 20:00:00.0 UTC,airqualityreports,ALIBA,50.007305,14.445933,Praha 4-Libus,10.9,77.4,CHMI,27.9,17.2,12.7,1.3,2018-09-21 22:24:00.0
2018-09-21 22:24 CEST,3,fair,traffic,0,APRUA,2018-09-21 19:00:00.0 UTC,2018-09-21 20:00:00.0 UTC,airqualityreports,APRUA,50.062298,14.53782,Praha 10-Prumyslova,17,0,CHMI,30,49.6,0,0,2018-09-21 22:24:00.0
2018-09-21 22:24 CEST,3,fair,urban,0,AREPA,2018-09-21 19:00:00.0 UTC,2018-09-21 20:00:00.0 UTC,airqualityreports,AREPA,50.088066,14.42922,Praha 1-n. Republiky,18.9,0,CHMI,32,26.3,0,0,2018-09-21 22:24:00.0
2018-09-21 22:24 CEST,3,fair,suburban,0,ARERA,2018-09-21 19:00:00.0 UTC,2018-09-21 20:00:00.0 UTC,airqualityreports,ARERA,50.030418,14.309517,Praha 5-Reporyje,8.6,0,ZU Usti nL,13,34.1,7,0,2018-09-21 22:24:00.0
2018-09-21 22:24 CEST,3,fair,urban,0,ARIEA,2018-09-21 19:00:00.0 UTC,2018-09-21 20:00:00.0 UTC,airqualityreports,ARIEA,50.081482,14.442692,Praha 2-Riegrovy sady,14.3,69,CHMI,42,26.8,26,1.3,2018-09-21 22:24:00.0
2018-09-21 22:24 CEST,3,fair,traffic,0,ASMIA,2018-09-21 19:00:00.0 UTC,2018-09-21 20:00:00.0 UTC,airqualityreports,ASMIA,50.073135,14.398141,Praha 5-Smichov,26.8,0,CHMI,48,39.4,49,0,2018-09-21 22:24:00.0
2018-09-21 22:24 CEST,3,fair,urban,0,ASROA,2018-09-21 19:00:00.0 UTC,2018-09-21 20:00:00.0 UTC,airqualityreports,ASROA,50.07515,14.472661,Praha 10-Srobarova,12.1,0,SZU,11,19,7,0,2018-09-21 22:24:00.0
2018-09-21 22:24 CEST,3,fair,urban,0,ASTOA,2018-09-21 19:00:00.0 UTC,2018-09-21 20:00:00.0 UTC,airqualityreports,ASTOA,50.046131,14.331413,Praha 5-Stodulky,0,71.4,CHMI,28,21.6,23,0,2018-09-21 22:24:00.0
2018-09-21 22:24 CEST,3,fair,suburban,0,ASUCA,2018-09-21 19:00:00.0 UTC,2018-09-21 20:00:00.0 UTC,airqualityreports,ASUCA,50.12653,14.384639,Praha 6-Suchdol,0,75,CHMI,38,22.5,0,0,2018-09-21 22:24:00.0
2018-09-21 22:24 CEST,3,fair,traffic,0,AVRSA,2018-09-21 19:00:00.0 UTC,2018-09-21 20:00:00.0 UTC,airqualityreports,AVRSA,50.066429,14.446152,Praha 10-Vrsovice,0,0,CHMI,47,35,0,0,2018-09-21 22:24:00.0
2018-09-21 22:24 CEST,3,fair,traffic,0,AVYNA,2018-09-21 19:00:00.0 UTC,2018-09-21 20:00:00.0 UTC,airqualityreports,AVYNA,50.11108,14.503096,Praha 9-Vysocany,22.4,59.9,CHMI,63,36.5,0,0,2018-09-21 22:24:00.0
2018-09-21 21:47 CEST,3,fair,urban,0,ABREA,2018-09-21 18:00:00.0 UTC,2018-09-21 19:00:00.0 UTC,airqualityreports,ABREA,50.084385,14.380116,Praha 6-Brevnov,10.1,0,CHMI,34,19.3,0,0,2018-09-21 21:47:00.0
2018-09-21 21:47 CEST,3,fair,urban,0,ACHOA,2018-09-21 18:00:00.0 UTC,2018-09-21 19:00:00.0 UTC,airqualityreports,ACHOA,50.03017,14.51745,Praha 4-Chodov,7.3,0,CHMI,29,18.9,0,0,2018-09-21 21:47:00.0
2018-09-21 21:47 CEST,3,fair,traffic,0,AKALA,2018-09-21 18:00:00.0 UTC,2018-09-21 19:00:00.0 UTC,airqualityreports,AKALA,50.094238,14.442049,Praha 8-Karlin,27.9,0,CHMI,38,36.2,0,0,2018-09-21 21:47:00.0
2018-09-21 21:47 CEST,3,fair,suburban,0,AKOBA,2018-09-21 18:00:00.0 UTC,2018-09-21 19:00:00.0 UTC,airqualityreports,AKOBA,50.122189,14.467578,Praha 8-Kobylisy,12.6,72.4,CHMI,38,24.8,0,0,2018-09-21 21:47:00.0
2018-09-21 21:47 CEST,3,fair,traffic,309,ALEGA,2018-09-21 18:00:00.0 UTC,2018-09-21 19:00:00.0 UTC,airqualityreports,ALEGA,50.072388,14.430673,Praha 2-Legerova,27.2,0,CHMI,16,26.6,9,0,2018-09-21 21:47:00.0
2018-09-21 21:47 CEST,3,fair,traffic,0,ALERA,2018-09-21 18:00:00.0 UTC,2018-09-21 19:00:00.0 UTC,airqualityreports,ALERA,50.107086,14.257226,Letiste Praha,10.5,0,Letiste Pr,60,30.8,26,0,2018-09-21 21:47:00.0
2018-09-21 21:47 CEST,3,fair,suburban,310,ALIBA,2018-09-21 18:00:00.0 UTC,2018-09-21 19:00:00.0 UTC,airqualityreports,ALIBA,50.007305,14.445933,Praha 4-Libus,6.9,92,CHMI,27.2,16.7,19.8,2.9,2018-09-21 21:47:00.0
2018-09-21 21:47 CEST,3,fair,traffic,0,APRUA,2018-09-21 18:00:00.0 UTC,2018-09-21 19:00:00.0 UTC,airqualityreports,APRUA,50.062298,14.53782,Praha 10-Prumyslova,17.8,0,CHMI,44,49.2,0,0,2018-09-21 21:47:00.0
2018-09-21 21:47 CEST,3,fair,urban,0,AREPA,2018-09-21 18:00:00.0 UTC,2018-09-21 19:00:00.0 UTC,airqualityreports,AREPA,50.088066,14.42922,Praha 1-n. Republiky,22.2,0,CHMI,41,26.6,0,0,2018-09-21 21:47:00.0
2018-09-21 21:47 CEST,3,fair,suburban,0,ARERA,2018-09-21 18:00:00.0 UTC,2018-09-21 19:00:00.0 UTC,airqualityreports,ARERA,50.030418,14.309517,Praha 5-Reporyje,6.3,0,ZU Usti nL,13,34.8,8,0,2018-09-21 21:47:00.0
2018-09-21 21:47 CEST,3,fair,urban,0,ARIEA,2018-09-21 18:00:00.0 UTC,2018-09-21 19:00:00.0 UTC,airqualityreports,ARIEA,50.081482,14.442692,Praha 2-Riegrovy sady,13,78,CHMI,41,26.4,14,1.3,2018-09-21 21:47:00.0
2018-09-21 21:47 CEST,0,Incomplete data,traffic,0,ASMIA,2018-09-21 18:00:00.0 UTC,2018-09-21 19:00:00.0 UTC,airqualityreports,ASMIA,50.073135,14.398141,Praha 5-Smichov,0,0,CHMI,44,38.9,39,0,2018-09-21 21:47:00.0
2018-09-21 21:47 CEST,3,fair,urban,0,ASROA,2018-09-21 18:00:00.0 UTC,2018-09-21 19:00:00.0 UTC,airqualityreports,ASROA,50.07515,14.472661,Praha 10-Srobarova,11.3,0,SZU,13,19.6,7,0,2018-09-21 21:47:00.0
2018-09-21 21:47 CEST,3,fair,urban,0,ASTOA,2018-09-21 18:00:00.0 UTC,2018-09-21 19:00:00.0 UTC,airqualityreports,ASTOA,50.046131,14.331413,Praha 5-Stodulky,0,86.4,CHMI,28,21.3,22,0,2018-09-21 21:47:00.0
2018-09-21 21:47 CEST,3,fair,suburban,0,ASUCA,2018-09-21 18:00:00.0 UTC,2018-09-21 19:00:00.0 UTC,airqualityreports,ASUCA,50.12653,14.384639,Praha 6-Suchdol,0,83.2,CHMI,31,22,0,0,2018-09-21 21:47:00.0
2018-09-21 21:47 CEST,3,fair,traffic,0,AVRSA,2018-09-21 18:00:00.0 UTC,2018-09-21 19:00:00.0 UTC,airqualityreports,AVRSA,50.066429,14.446152,Praha 10-Vrsovice,0,0,CHMI,42,35,0,0,2018-09-21 21:47:00.0
2018-09-21 21:47 CEST,3,fair,traffic,0,AVYNA,2018-09-21 18:00:00.0 UTC,2018-09-21 19:00:00.0 UTC,airqualityreports,AVYNA,50.11108,14.503096,Praha 9-Vysocany,18.2,73,CHMI,64,36.3,0,0,2018-09-21 21:47:00.0
2018-09-21 21:26 CEST,3,fair,urban,0,ABREA,2018-09-21 18:00:00.0 UTC,2018-09-21 19:00:00.0 UTC,airqualityreports,ABREA,50.084385,14.380116,Praha 6-Brevnov,10.1,0,CHMI,34,19.3,0,0,2018-09-21 21:26:00.0
2018-09-21 21:26 CEST,3,fair,urban,0,ACHOA,2018-09-21 18:00:00.0 UTC,2018-09-21 19:00:00.0 UTC,airqualityreports,ACHOA,50.03017,14.51745,Praha 4-Chodov,7.3,0,CHMI,29,18.9,0,0,2018-09-21 21:26:00.0
2018-09-21 21:26 CEST,3,fair,traffic,0,AKALA,2018-09-21 18:00:00.0 UTC,2018-09-21 19:00:00.0 UTC,airqualityreports,AKALA,50.094238,14.442049,Praha 8-Karlin,27.9,0,CHMI,38,36.2,0,0,2018-09-21 21:26:00.0
2018-09-21 21:26 CEST,3,fair,suburban,0,AKOBA,2018-09-21 18:00:00.0 UTC,2018-09-21 19:00:00.0 UTC,airqualityreports,AKOBA,50.122189,14.467578,Praha 8-Kobylisy,12.6,72.4,CHMI,38,24.8,0,0,2018-09-21 21:26:00.0
2018-09-21 21:26 CEST,3,fair,traffic,309,ALEGA,2018-09-21 18:00:00.0 UTC,2018-09-21 19:00:00.0 UTC,airqualityreports,ALEGA,50.072388,14.430673,Praha 2-Legerova,27.2,0,CHMI,16,26.6,9,0,2018-09-21 21:26:00.0
2018-09-21 21:26 CEST,3,fair,traffic,0,ALERA,2018-09-21 18:00:00.0 UTC,2018-09-21 19:00:00.0 UTC,airqualityreports,ALERA,50.107086,14.257226,Letiste Praha,10.5,0,Letiste Pr,60,30.8,26,0,2018-09-21 21:26:00.0
2018-09-21 21:26 CEST,3,fair,suburban,310,ALIBA,2018-09-21 18:00:00.0 UTC,2018-09-21 19:00:00.0 UTC,airqualityreports,ALIBA,50.007305,14.445933,Praha 4-Libus,6.9,92,CHMI,27.2,16.7,19.8,2.9,2018-09-21 21:26:00.0
2018-09-21 21:26 CEST,3,fair,traffic,0,APRUA,2018-09-21 18:00:00.0 UTC,2018-09-21 19:00:00.0 UTC,airqualityreports,APRUA,50.062298,14.53782,Praha 10-Prumyslova,17.8,0,CHMI,44,49.2,0,0,2018-09-21 21:26:00.0
2018-09-21 21:26 CEST,3,fair,urban,0,AREPA,2018-09-21 18:00:00.0 UTC,2018-09-21 19:00:00.0 UTC,airqualityreports,AREPA,50.088066,14.42922,Praha 1-n. Republiky,22.2,0,CHMI,41,26.6,0,0,2018-09-21 21:26:00.0
2018-09-21 21:26 CEST,3,fair,suburban,0,ARERA,2018-09-21 18:00:00.0 UTC,2018-09-21 19:00:00.0 UTC,airqualityreports,ARERA,50.030418,14.309517,Praha 5-Reporyje,6.3,0,ZU Usti nL,13,34.8,8,0,2018-09-21 21:26:00.0
2018-09-21 21:26 CEST,3,fair,urban,0,ARIEA,2018-09-21 18:00:00.0 UTC,2018-09-21 19:00:00.0 UTC,airqualityreports,ARIEA,50.081482,14.442692,Praha 2-Riegrovy sady,13,78,CHMI,41,26.4,14,1.3,2018-09-21 21:26:00.0
2018-09-21 21:26 CEST,0,Incomplete data,traffic,0,ASMIA,2018-09-21 18:00:00.0 UTC,2018-09-21 19:00:00.0 UTC,airqualityreports,ASMIA,50.073135,14.398141,Praha 5-Smichov,0,0,CHMI,44,38.9,39,0,2018-09-21 21:26:00.0
2018-09-21 21:26 CEST,3,fair,urban,0,ASROA,2018-09-21 18:00:00.0 UTC,2018-09-21 19:00:00.0 UTC,airqualityreports,ASROA,50.07515,14.472661,Praha 10-Srobarova,11.3,0,SZU,13,19.6,7,0,2018-09-21 21:26:00.0
2018-09-21 21:26 CEST,3,fair,urban,0,ASTOA,2018-09-21 18:00:00.0 UTC,2018-09-21 19:00:00.0 UTC,airqualityreports,ASTOA,50.046131,14.331413,Praha 5-Stodulky,0,86.4,CHMI,28,21.3,22,0,2018-09-21 21:26:00.0
2018-09-21 21:26 CEST,3,fair,suburban,0,ASUCA,2018-09-21 18:00:00.0 UTC,2018-09-21 19:00:00.0 UTC,airqualityreports,ASUCA,50.12653,14.384639,Praha 6-Suchdol,0,83.2,CHMI,31,22,0,0,2018-09-21 21:26:00.0
2018-09-21 21:26 CEST,3,fair,traffic,0,AVRSA,2018-09-21 18:00:00.0 UTC,2018-09-21 19:00:00.0 UTC,airqualityreports,AVRSA,50.066429,14.446152,Praha 10-Vrsovice,0,0,CHMI,42,35,0,0,2018-09-21 21:26:00.0
2018-09-21 21:26 CEST,3,fair,traffic,0,AVYNA,2018-09-21 18:00:00.0 UTC,2018-09-21 19:00:00.0 UTC,airqualityreports,AVYNA,50.11108,14.503096,Praha 9-Vysocany,18.2,73,CHMI,64,36.3,0,0,2018-09-21 21:26:00.0
2018-09-21 20:47 CEST,3,fair,urban,0,ABREA,2018-09-21 17:00:00.0 UTC,2018-09-21 18:00:00.0 UTC,airqualityreports,ABREA,50.084385,14.380116,Praha 6-Brevnov,14.7,0,CHMI,17,19,0,0,2018-09-21 20:47:00.0
2018-09-21 20:47 CEST,3,fair,urban,0,ACHOA,2018-09-21 17:00:00.0 UTC,2018-09-21 18:00:00.0 UTC,airqualityreports,ACHOA,50.03017,14.51745,Praha 4-Chodov,13.8,0,CHMI,18,18.3,0,0,2018-09-21 20:47:00.0
2018-09-21 20:47 CEST,3,fair,traffic,0,AKALA,2018-09-21 17:00:00.0 UTC,2018-09-21 18:00:00.0 UTC,airqualityreports,AKALA,50.094238,14.442049,Praha 8-Karlin,41.9,0,CHMI,23,35.3,0,0,2018-09-21 20:47:00.0
2018-09-21 20:47 CEST,3,fair,suburban,0,AKOBA,2018-09-21 17:00:00.0 UTC,2018-09-21 18:00:00.0 UTC,airqualityreports,AKOBA,50.122189,14.467578,Praha 8-Kobylisy,24.7,90.4,CHMI,29,24.3,0,0,2018-09-21 20:47:00.0
2018-09-21 20:47 CEST,3,fair,traffic,315,ALEGA,2018-09-21 17:00:00.0 UTC,2018-09-21 18:00:00.0 UTC,airqualityreports,ALEGA,50.072388,14.430673,Praha 2-Legerova,57.8,0,CHMI,32,27,12,0,2018-09-21 20:47:00.0
2018-09-21 20:47 CEST,3,fair,traffic,0,ALERA,2018-09-21 17:00:00.0 UTC,2018-09-21 18:00:00.0 UTC,airqualityreports,ALERA,50.107086,14.257226,Letiste Praha,13.2,0,Letiste Pr,27,29.6,17,0,2018-09-21 20:47:00.0
2018-09-21 20:47 CEST,3,fair,suburban,309,ALIBA,2018-09-21 17:00:00.0 UTC,2018-09-21 18:00:00.0 UTC,airqualityreports,ALIBA,50.007305,14.445933,Praha 4-Libus,10.7,109.5,CHMI,17.3,16.7,9,3.5,2018-09-21 20:47:00.0
2018-09-21 20:47 CEST,3,fair,traffic,0,APRUA,2018-09-21 17:00:00.0 UTC,2018-09-21 18:00:00.0 UTC,airqualityreports,APRUA,50.062298,14.53782,Praha 10-Prumyslova,21.8,0,CHMI,30,48.2,0,0,2018-09-21 20:47:00.0
2018-09-21 20:47 CEST,3,fair,urban,0,AREPA,2018-09-21 17:00:00.0 UTC,2018-09-21 18:00:00.0 UTC,airqualityreports,AREPA,50.088066,14.42922,Praha 1-n. Republiky,31.9,0,CHMI,19,26,0,0,2018-09-21 20:47:00.0
2018-09-21 20:47 CEST,3,fair,suburban,0,ARERA,2018-09-21 17:00:00.0 UTC,2018-09-21 18:00:00.0 UTC,airqualityreports,ARERA,50.030418,14.309517,Praha 5-Reporyje,8,0,ZU Usti nL,49,36.2,13,0,2018-09-21 20:47:00.0
2018-09-21 20:47 CEST,3,fair,urban,0,ARIEA,2018-09-21 17:00:00.0 UTC,2018-09-21 18:00:00.0 UTC,airqualityreports,ARIEA,50.081482,14.442692,Praha 2-Riegrovy sady,21.6,92.8,CHMI,28,26.3,5,1.3,2018-09-21 20:47:00.0
2018-09-21 20:47 CEST,3,fair,traffic,0,ASMIA,2018-09-21 17:00:00.0 UTC,2018-09-21 18:00:00.0 UTC,airqualityreports,ASMIA,50.073135,14.398141,Praha 5-Smichov,61.2,0,CHMI,37,38.5,25,0,2018-09-21 20:47:00.0
2018-09-21 20:47 CEST,3,fair,urban,0,ASROA,2018-09-21 17:00:00.0 UTC,2018-09-21 18:00:00.0 UTC,airqualityreports,ASROA,50.07515,14.472661,Praha 10-Srobarova,20.3,0,SZU,19,20.1,8,0,2018-09-21 20:47:00.0
2018-09-21 20:47 CEST,3,fair,urban,0,ASTOA,2018-09-21 17:00:00.0 UTC,2018-09-21 18:00:00.0 UTC,airqualityreports,ASTOA,50.046131,14.331413,Praha 5-Stodulky,0,100.3,CHMI,35,20.9,22,0,2018-09-21 20:47:00.0
2018-09-21 20:47 CEST,3,fair,suburban,0,ASUCA,2018-09-21 17:00:00.0 UTC,2018-09-21 18:00:00.0 UTC,airqualityreports,ASUCA,50.12653,14.384639,Praha 6-Suchdol,0,104.3,CHMI,21,21.2,0,0,2018-09-21 20:47:00.0
2018-09-21 20:47 CEST,3,fair,traffic,0,AVRSA,2018-09-21 17:00:00.0 UTC,2018-09-21 18:00:00.0 UTC,airqualityreports,AVRSA,50.066429,14.446152,Praha 10-Vrsovice,0,0,CHMI,28,35.2,0,0,2018-09-21 20:47:00.0
2018-09-21 20:47 CEST,3,fair,traffic,0,AVYNA,2018-09-21 17:00:00.0 UTC,2018-09-21 18:00:00.0 UTC,airqualityreports,AVYNA,50.11108,14.503096,Praha 9-Vysocany,23.3,92.6,CHMI,35,35.8,0,0,2018-09-21 20:47:00.0
2018-09-21 20:24 CEST,3,fair,urban,0,ABREA,2018-09-21 17:00:00.0 UTC,2018-09-21 18:00:00.0 UTC,airqualityreports,ABREA,50.084385,14.380116,Praha 6-Brevnov,14.7,0,CHMI,17,19,0,0,2018-09-21 20:24:00.0
2018-09-21 20:24 CEST,3,fair,urban,0,ACHOA,2018-09-21 17:00:00.0 UTC,2018-09-21 18:00:00.0 UTC,airqualityreports,ACHOA,50.03017,14.51745,Praha 4-Chodov,13.8,0,CHMI,18,18.3,0,0,2018-09-21 20:24:00.0
2018-09-21 20:24 CEST,3,fair,traffic,0,AKALA,2018-09-21 17:00:00.0 UTC,2018-09-21 18:00:00.0 UTC,airqualityreports,AKALA,50.094238,14.442049,Praha 8-Karlin,41.9,0,CHMI,23,35.3,0,0,2018-09-21 20:24:00.0
2018-09-21 20:24 CEST,3,fair,suburban,0,AKOBA,2018-09-21 17:00:00.0 UTC,2018-09-21 18:00:00.0 UTC,airqualityreports,AKOBA,50.122189,14.467578,Praha 8-Kobylisy,24.7,90.4,CHMI,29,24.3,0,0,2018-09-21 20:24:00.0
2018-09-21 20:24 CEST,3,fair,traffic,315,ALEGA,2018-09-21 17:00:00.0 UTC,2018-09-21 18:00:00.0 UTC,airqualityreports,ALEGA,50.072388,14.430673,Praha 2-Legerova,57.8,0,CHMI,32,27,12,0,2018-09-21 20:24:00.0
2018-09-21 20:24 CEST,3,fair,traffic,0,ALERA,2018-09-21 17:00:00.0 UTC,2018-09-21 18:00:00.0 UTC,airqualityreports,ALERA,50.107086,14.257226,Letiste Praha,13.2,0,Letiste Pr,27,29.6,17,0,2018-09-21 20:24:00.0
2018-09-21 20:24 CEST,3,fair,suburban,309,ALIBA,2018-09-21 17:00:00.0 UTC,2018-09-21 18:00:00.0 UTC,airqualityreports,ALIBA,50.007305,14.445933,Praha 4-Libus,10.7,109.5,CHMI,17.3,16.7,9,3.5,2018-09-21 20:24:00.0
2018-09-21 20:24 CEST,3,fair,traffic,0,APRUA,2018-09-21 17:00:00.0 UTC,2018-09-21 18:00:00.0 UTC,airqualityreports,APRUA,50.062298,14.53782,Praha 10-Prumyslova,21.8,0,CHMI,30,48.2,0,0,2018-09-21 20:24:00.0
2018-09-21 20:24 CEST,3,fair,urban,0,AREPA,2018-09-21 17:00:00.0 UTC,2018-09-21 18:00:00.0 UTC,airqualityreports,AREPA,50.088066,14.42922,Praha 1-n. Republiky,31.9,0,CHMI,19,26,0,0,2018-09-21 20:24:00.0
2018-09-21 20:24 CEST,3,fair,suburban,0,ARERA,2018-09-21 17:00:00.0 UTC,2018-09-21 18:00:00.0 UTC,airqualityreports,ARERA,50.030418,14.309517,Praha 5-Reporyje,8,0,ZU Usti nL,49,36.2,13,0,2018-09-21 20:24:00.0
2018-09-21 20:24 CEST,3,fair,urban,0,ARIEA,2018-09-21 17:00:00.0 UTC,2018-09-21 18:00:00.0 UTC,airqualityreports,ARIEA,50.081482,14.442692,Praha 2-Riegrovy sady,21.6,92.8,CHMI,28,26.3,5,1.3,2018-09-21 20:24:00.0
2018-09-21 20:24 CEST,3,fair,traffic,0,ASMIA,2018-09-21 17:00:00.0 UTC,2018-09-21 18:00:00.0 UTC,airqualityreports,ASMIA,50.073135,14.398141,Praha 5-Smichov,61.2,0,CHMI,37,38.5,25,0,2018-09-21 20:24:00.0
2018-09-21 20:24 CEST,3,fair,urban,0,ASROA,2018-09-21 17:00:00.0 UTC,2018-09-21 18:00:00.0 UTC,airqualityreports,ASROA,50.07515,14.472661,Praha 10-Srobarova,20.3,0,SZU,19,20.1,8,0,2018-09-21 20:24:00.0
2018-09-21 20:24 CEST,3,fair,urban,0,ASTOA,2018-09-21 17:00:00.0 UTC,2018-09-21 18:00:00.0 UTC,airqualityreports,ASTOA,50.046131,14.331413,Praha 5-Stodulky,0,100.3,CHMI,35,20.9,22,0,2018-09-21 20:24:00.0
2018-09-21 20:24 CEST,3,fair,suburban,0,ASUCA,2018-09-21 17:00:00.0 UTC,2018-09-21 18:00:00.0 UTC,airqualityreports,ASUCA,50.12653,14.384639,Praha 6-Suchdol,0,104.3,CHMI,21,21.2,0,0,2018-09-21 20:24:00.0
2018-09-21 20:24 CEST,3,fair,traffic,0,AVRSA,2018-09-21 17:00:00.0 UTC,2018-09-21 18:00:00.0 UTC,airqualityreports,AVRSA,50.066429,14.446152,Praha 10-Vrsovice,0,0,CHMI,28,35.2,0,0,2018-09-21 20:24:00.0
2018-09-21 20:24 CEST,3,fair,traffic,0,AVYNA,2018-09-21 17:00:00.0 UTC,2018-09-21 18:00:00.0 UTC,airqualityreports,AVYNA,50.11108,14.503096,Praha 9-Vysocany,23.3,92.6,CHMI,35,35.8,0,0,2018-09-21 20:24:00.0
2018-09-21 19:47 CEST,3,fair,urban,0,ABREA,2018-09-21 16:00:00.0 UTC,2018-09-21 17:00:00.0 UTC,airqualityreports,ABREA,50.084385,14.380116,Praha 6-Brevnov,16.1,0,CHMI,13,19.1,0,0,2018-09-21 19:47:00.0
2018-09-21 19:47 CEST,3,fair,urban,0,ACHOA,2018-09-21 16:00:00.0 UTC,2018-09-21 17:00:00.0 UTC,airqualityreports,ACHOA,50.03017,14.51745,Praha 4-Chodov,14.7,0,CHMI,7,18,0,0,2018-09-21 19:47:00.0
2018-09-21 19:47 CEST,3,fair,traffic,0,AKALA,2018-09-21 16:00:00.0 UTC,2018-09-21 17:00:00.0 UTC,airqualityreports,AKALA,50.094238,14.442049,Praha 8-Karlin,33.7,0,CHMI,20,35.6,0,0,2018-09-21 19:47:00.0
2018-09-21 19:47 CEST,3,fair,suburban,0,AKOBA,2018-09-21 16:00:00.0 UTC,2018-09-21 17:00:00.0 UTC,airqualityreports,AKOBA,50.122189,14.467578,Praha 8-Kobylisy,24.5,92.6,CHMI,21,24.1,0,0,2018-09-21 19:47:00.0
2018-09-21 19:47 CEST,3,fair,traffic,320,ALEGA,2018-09-21 16:00:00.0 UTC,2018-09-21 17:00:00.0 UTC,airqualityreports,ALEGA,50.072388,14.430673,Praha 2-Legerova,65,0,CHMI,22,26.9,10,0,2018-09-21 19:47:00.0
2018-09-21 19:47 CEST,3,fair,traffic,0,ALERA,2018-09-21 16:00:00.0 UTC,2018-09-21 17:00:00.0 UTC,airqualityreports,ALERA,50.107086,14.257226,Letiste Praha,14.9,0,Letiste Pr,29,29.7,16,0,2018-09-21 19:47:00.0
2018-09-21 19:47 CEST,3,fair,suburban,317,ALIBA,2018-09-21 16:00:00.0 UTC,2018-09-21 17:00:00.0 UTC,airqualityreports,ALIBA,50.007305,14.445933,Praha 4-Libus,10.3,112.9,CHMI,12,16.9,2.4,3.2,2018-09-21 19:47:00.0
2018-09-21 19:47 CEST,3,fair,traffic,0,APRUA,2018-09-21 16:00:00.0 UTC,2018-09-21 17:00:00.0 UTC,airqualityreports,APRUA,50.062298,14.53782,Praha 10-Prumyslova,32.9,0,CHMI,16,47.4,0,0,2018-09-21 19:47:00.0
2018-09-21 19:47 CEST,3,fair,urban,0,AREPA,2018-09-21 16:00:00.0 UTC,2018-09-21 17:00:00.0 UTC,airqualityreports,AREPA,50.088066,14.42922,Praha 1-n. Republiky,29.8,0,CHMI,23,26.1,0,0,2018-09-21 19:47:00.0
2018-09-21 19:47 CEST,3,fair,suburban,0,ARERA,2018-09-21 16:00:00.0 UTC,2018-09-21 17:00:00.0 UTC,airqualityreports,ARERA,50.030418,14.309517,Praha 5-Reporyje,9.4,0,ZU Usti nL,26,35.3,10,0,2018-09-21 19:47:00.0
2018-09-21 19:47 CEST,3,fair,urban,0,ARIEA,2018-09-21 16:00:00.0 UTC,2018-09-21 17:00:00.0 UTC,airqualityreports,ARIEA,50.081482,14.442692,Praha 2-Riegrovy sady,22.8,95.4,CHMI,25,26.4,4,1.3,2018-09-21 19:47:00.0
2018-09-21 19:47 CEST,4,suitable,traffic,0,ASMIA,2018-09-21 16:00:00.0 UTC,2018-09-21 17:00:00.0 UTC,airqualityreports,ASMIA,50.073135,14.398141,Praha 5-Smichov,117.1,0,CHMI,38,38.6,26,0,2018-09-21 19:47:00.0
2018-09-21 19:47 CEST,3,fair,urban,0,ASROA,2018-09-21 16:00:00.0 UTC,2018-09-21 17:00:00.0 UTC,airqualityreports,ASROA,50.07515,14.472661,Praha 10-Srobarova,26.6,0,SZU,16,20.3,7,0,2018-09-21 19:47:00.0
2018-09-21 19:47 CEST,3,fair,urban,0,ASTOA,2018-09-21 16:00:00.0 UTC,2018-09-21 17:00:00.0 UTC,airqualityreports,ASTOA,50.046131,14.331413,Praha 5-Stodulky,0,110.5,CHMI,10,20.5,13,0,2018-09-21 19:47:00.0
2018-09-21 19:47 CEST,3,fair,suburban,0,ASUCA,2018-09-21 16:00:00.0 UTC,2018-09-21 17:00:00.0 UTC,airqualityreports,ASUCA,50.12653,14.384639,Praha 6-Suchdol,0,108.5,CHMI,11,20.8,0,0,2018-09-21 19:47:00.0
2018-09-21 19:47 CEST,3,fair,traffic,0,AVRSA,2018-09-21 16:00:00.0 UTC,2018-09-21 17:00:00.0 UTC,airqualityreports,AVRSA,50.066429,14.446152,Praha 10-Vrsovice,0,0,CHMI,19,35.5,0,0,2018-09-21 19:47:00.0
2018-09-21 19:47 CEST,3,fair,traffic,0,AVYNA,2018-09-21 16:00:00.0 UTC,2018-09-21 17:00:00.0 UTC,airqualityreports,AVYNA,50.11108,14.503096,Praha 9-Vysocany,30.6,86,CHMI,16,35.3,0,0,2018-09-21 19:47:00.0
2018-09-21 19:23 CEST,3,fair,urban,0,ABREA,2018-09-21 16:00:00.0 UTC,2018-09-21 17:00:00.0 UTC,airqualityreports,ABREA,50.084385,14.380116,Praha 6-Brevnov,16.1,0,CHMI,13,19.1,0,0,2018-09-21 19:23:00.0
2018-09-21 19:23 CEST,3,fair,urban,0,ACHOA,2018-09-21 16:00:00.0 UTC,2018-09-21 17:00:00.0 UTC,airqualityreports,ACHOA,50.03017,14.51745,Praha 4-Chodov,14.7,0,CHMI,7,18,0,0,2018-09-21 19:23:00.0
2018-09-21 19:23 CEST,3,fair,traffic,0,AKALA,2018-09-21 16:00:00.0 UTC,2018-09-21 17:00:00.0 UTC,airqualityreports,AKALA,50.094238,14.442049,Praha 8-Karlin,33.7,0,CHMI,20,35.6,0,0,2018-09-21 19:23:00.0
2018-09-21 19:23 CEST,3,fair,suburban,0,AKOBA,2018-09-21 16:00:00.0 UTC,2018-09-21 17:00:00.0 UTC,airqualityreports,AKOBA,50.122189,14.467578,Praha 8-Kobylisy,24.5,92.6,CHMI,21,24.1,0,0,2018-09-21 19:23:00.0
2018-09-21 19:23 CEST,3,fair,traffic,320,ALEGA,2018-09-21 16:00:00.0 UTC,2018-09-21 17:00:00.0 UTC,airqualityreports,ALEGA,50.072388,14.430673,Praha 2-Legerova,65,0,CHMI,22,26.9,10,0,2018-09-21 19:23:00.0
2018-09-21 19:23 CEST,3,fair,traffic,0,ALERA,2018-09-21 16:00:00.0 UTC,2018-09-21 17:00:00.0 UTC,airqualityreports,ALERA,50.107086,14.257226,Letiste Praha,14.9,0,Letiste Pr,29,29.7,16,0,2018-09-21 19:23:00.0
2018-09-21 19:23 CEST,3,fair,suburban,317,ALIBA,2018-09-21 16:00:00.0 UTC,2018-09-21 17:00:00.0 UTC,airqualityreports,ALIBA,50.007305,14.445933,Praha 4-Libus,10.3,112.9,CHMI,12,16.9,2.4,3.2,2018-09-21 19:23:00.0
2018-09-21 19:23 CEST,3,fair,traffic,0,APRUA,2018-09-21 16:00:00.0 UTC,2018-09-21 17:00:00.0 UTC,airqualityreports,APRUA,50.062298,14.53782,Praha 10-Prumyslova,32.9,0,CHMI,16,47.4,0,0,2018-09-21 19:23:00.0
2018-09-21 19:23 CEST,3,fair,urban,0,AREPA,2018-09-21 16:00:00.0 UTC,2018-09-21 17:00:00.0 UTC,airqualityreports,AREPA,50.088066,14.42922,Praha 1-n. Republiky,29.8,0,CHMI,23,26.1,0,0,2018-09-21 19:23:00.0
2018-09-21 19:23 CEST,3,fair,suburban,0,ARERA,2018-09-21 16:00:00.0 UTC,2018-09-21 17:00:00.0 UTC,airqualityreports,ARERA,50.030418,14.309517,Praha 5-Reporyje,9.4,0,ZU Usti nL,26,35.3,10,0,2018-09-21 19:23:00.0
2018-09-21 19:23 CEST,3,fair,urban,0,ARIEA,2018-09-21 16:00:00.0 UTC,2018-09-21 17:00:00.0 UTC,airqualityreports,ARIEA,50.081482,14.442692,Praha 2-Riegrovy sady,22.8,95.4,CHMI,25,26.4,4,1.3,2018-09-21 19:23:00.0
2018-09-21 19:23 CEST,4,suitable,traffic,0,ASMIA,2018-09-21 16:00:00.0 UTC,2018-09-21 17:00:00.0 UTC,airqualityreports,ASMIA,50.073135,14.398141,Praha 5-Smichov,117.1,0,CHMI,38,38.6,26,0,2018-09-21 19:23:00.0
2018-09-21 19:23 CEST,3,fair,urban,0,ASROA,2018-09-21 16:00:00.0 UTC,2018-09-21 17:00:00.0 UTC,airqualityreports,ASROA,50.07515,14.472661,Praha 10-Srobarova,26.6,0,SZU,16,20.3,7,0,2018-09-21 19:23:00.0
2018-09-21 19:23 CEST,3,fair,urban,0,ASTOA,2018-09-21 16:00:00.0 UTC,2018-09-21 17:00:00.0 UTC,airqualityreports,ASTOA,50.046131,14.331413,Praha 5-Stodulky,0,110.5,CHMI,10,20.5,13,0,2018-09-21 19:23:00.0
2018-09-21 19:23 CEST,3,fair,suburban,0,ASUCA,2018-09-21 16:00:00.0 UTC,2018-09-21 17:00:00.0 UTC,airqualityreports,ASUCA,50.12653,14.384639,Praha 6-Suchdol,0,108.5,CHMI,11,20.8,0,0,2018-09-21 19:23:00.0
2018-09-21 19:23 CEST,3,fair,traffic,0,AVRSA,2018-09-21 16:00:00.0 UTC,2018-09-21 17:00:00.0 UTC,airqualityreports,AVRSA,50.066429,14.446152,Praha 10-Vrsovice,0,0,CHMI,19,35.5,0,0,2018-09-21 19:23:00.0
2018-09-21 19:23 CEST,3,fair,traffic,0,AVYNA,2018-09-21 16:00:00.0 UTC,2018-09-21 17:00:00.0 UTC,airqualityreports,AVYNA,50.11108,14.503096,Praha 9-Vysocany,30.6,86,CHMI,16,35.3,0,0,2018-09-21 19:23:00.0
2018-09-21 18:47 CEST,3,fair,urban,0,ABREA,2018-09-21 15:00:00.0 UTC,2018-09-21 16:00:00.0 UTC,airqualityreports,ABREA,50.084385,14.380116,Praha 6-Brevnov,10.1,0,CHMI,6,19,0,0,2018-09-21 18:47:00.0
2018-09-21 18:47 CEST,3,fair,urban,0,ACHOA,2018-09-21 15:00:00.0 UTC,2018-09-21 16:00:00.0 UTC,airqualityreports,ACHOA,50.03017,14.51745,Praha 4-Chodov,8.8,0,CHMI,11,18.3,0,0,2018-09-21 18:47:00.0
2018-09-21 18:47 CEST,3,fair,traffic,0,AKALA,2018-09-21 15:00:00.0 UTC,2018-09-21 16:00:00.0 UTC,airqualityreports,AKALA,50.094238,14.442049,Praha 8-Karlin,21,0,CHMI,31,35.9,0,0,2018-09-21 18:47:00.0
2018-09-21 18:47 CEST,3,fair,suburban,0,AKOBA,2018-09-21 15:00:00.0 UTC,2018-09-21 16:00:00.0 UTC,airqualityreports,AKOBA,50.122189,14.467578,Praha 8-Kobylisy,13,107.7,CHMI,18,23.7,0,0,2018-09-21 18:47:00.0
2018-09-21 18:47 CEST,3,fair,traffic,327,ALEGA,2018-09-21 15:00:00.0 UTC,2018-09-21 16:00:00.0 UTC,airqualityreports,ALEGA,50.072388,14.430673,Praha 2-Legerova,43.4,0,CHMI,21,26.9,9,0,2018-09-21 18:47:00.0
2018-09-21 18:47 CEST,3,fair,traffic,0,ALERA,2018-09-21 15:00:00.0 UTC,2018-09-21 16:00:00.0 UTC,airqualityreports,ALERA,50.107086,14.257226,Letiste Praha,10.9,0,Letiste Pr,28,29.5,11,0,2018-09-21 18:47:00.0
2018-09-21 18:47 CEST,3,fair,suburban,329,ALIBA,2018-09-21 15:00:00.0 UTC,2018-09-21 16:00:00.0 UTC,airqualityreports,ALIBA,50.007305,14.445933,Praha 4-Libus,6.5,117.1,CHMI,10,16.8,2.5,3.2,2018-09-21 18:47:00.0
2018-09-21 18:47 CEST,3,fair,traffic,0,APRUA,2018-09-21 15:00:00.0 UTC,2018-09-21 16:00:00.0 UTC,airqualityreports,APRUA,50.062298,14.53782,Praha 10-Prumyslova,34.4,0,CHMI,25,47.5,0,0,2018-09-21 18:47:00.0
2018-09-21 18:47 CEST,3,fair,urban,0,AREPA,2018-09-21 15:00:00.0 UTC,2018-09-21 16:00:00.0 UTC,airqualityreports,AREPA,50.088066,14.42922,Praha 1-n. Republiky,23.1,0,CHMI,22,26,0,0,2018-09-21 18:47:00.0
2018-09-21 18:47 CEST,3,fair,suburban,0,ARERA,2018-09-21 15:00:00.0 UTC,2018-09-21 16:00:00.0 UTC,airqualityreports,ARERA,50.030418,14.309517,Praha 5-Reporyje,6.9,0,ZU Usti nL,54,35.3,12,0,2018-09-21 18:47:00.0
2018-09-21 18:47 CEST,3,fair,urban,0,ARIEA,2018-09-21 15:00:00.0 UTC,2018-09-21 16:00:00.0 UTC,airqualityreports,ARIEA,50.081482,14.442692,Praha 2-Riegrovy sady,12.6,108.3,CHMI,23,25.8,6,1.3,2018-09-21 18:47:00.0
2018-09-21 18:47 CEST,3,fair,traffic,0,ASMIA,2018-09-21 15:00:00.0 UTC,2018-09-21 16:00:00.0 UTC,airqualityreports,ASMIA,50.073135,14.398141,Praha 5-Smichov,62.7,0,CHMI,35,38.5,26,0,2018-09-21 18:47:00.0
2018-09-21 18:47 CEST,3,fair,urban,0,ASROA,2018-09-21 15:00:00.0 UTC,2018-09-21 16:00:00.0 UTC,airqualityreports,ASROA,50.07515,14.472661,Praha 10-Srobarova,14,0,SZU,15,20.3,6,0,2018-09-21 18:47:00.0
2018-09-21 18:47 CEST,3,fair,urban,0,ASTOA,2018-09-21 15:00:00.0 UTC,2018-09-21 16:00:00.0 UTC,airqualityreports,ASTOA,50.046131,14.331413,Praha 5-Stodulky,0,113.3,CHMI,16,20.5,9,0,2018-09-21 18:47:00.0
2018-09-21 18:47 CEST,3,fair,suburban,0,ASUCA,2018-09-21 15:00:00.0 UTC,2018-09-21 16:00:00.0 UTC,airqualityreports,ASUCA,50.12653,14.384639,Praha 6-Suchdol,0,114.9,CHMI,17,21.1,0,0,2018-09-21 18:47:00.0
2018-09-21 18:47 CEST,3,fair,traffic,0,AVRSA,2018-09-21 15:00:00.0 UTC,2018-09-21 16:00:00.0 UTC,airqualityreports,AVRSA,50.066429,14.446152,Praha 10-Vrsovice,0,0,CHMI,23,35.9,0,0,2018-09-21 18:47:00.0
2018-09-21 18:47 CEST,3,fair,traffic,0,AVYNA,2018-09-21 15:00:00.0 UTC,2018-09-21 16:00:00.0 UTC,airqualityreports,AVYNA,50.11108,14.503096,Praha 9-Vysocany,19.7,101.5,CHMI,18,35.7,0,0,2018-09-21 18:47:00.0
2018-09-21 18:23 CEST,3,fair,urban,0,ABREA,2018-09-21 15:00:00.0 UTC,2018-09-21 16:00:00.0 UTC,airqualityreports,ABREA,50.084385,14.380116,Praha 6-Brevnov,10.1,0,CHMI,6,19,0,0,2018-09-21 18:23:00.0
2018-09-21 18:23 CEST,3,fair,urban,0,ACHOA,2018-09-21 15:00:00.0 UTC,2018-09-21 16:00:00.0 UTC,airqualityreports,ACHOA,50.03017,14.51745,Praha 4-Chodov,8.8,0,CHMI,11,18.3,0,0,2018-09-21 18:23:00.0
2018-09-21 18:23 CEST,3,fair,traffic,0,AKALA,2018-09-21 15:00:00.0 UTC,2018-09-21 16:00:00.0 UTC,airqualityreports,AKALA,50.094238,14.442049,Praha 8-Karlin,21,0,CHMI,31,35.9,0,0,2018-09-21 18:23:00.0
2018-09-21 18:23 CEST,3,fair,suburban,0,AKOBA,2018-09-21 15:00:00.0 UTC,2018-09-21 16:00:00.0 UTC,airqualityreports,AKOBA,50.122189,14.467578,Praha 8-Kobylisy,13,107.7,CHMI,18,23.7,0,0,2018-09-21 18:23:00.0
2018-09-21 18:23 CEST,3,fair,traffic,327,ALEGA,2018-09-21 15:00:00.0 UTC,2018-09-21 16:00:00.0 UTC,airqualityreports,ALEGA,50.072388,14.430673,Praha 2-Legerova,43.4,0,CHMI,21,26.9,9,0,2018-09-21 18:23:00.0
2018-09-21 18:23 CEST,3,fair,traffic,0,ALERA,2018-09-21 15:00:00.0 UTC,2018-09-21 16:00:00.0 UTC,airqualityreports,ALERA,50.107086,14.257226,Letiste Praha,10.9,0,Letiste Pr,28,29.5,11,0,2018-09-21 18:23:00.0
2018-09-21 18:23 CEST,3,fair,suburban,329,ALIBA,2018-09-21 15:00:00.0 UTC,2018-09-21 16:00:00.0 UTC,airqualityreports,ALIBA,50.007305,14.445933,Praha 4-Libus,6.5,117.1,CHMI,10,16.8,2.5,3.2,2018-09-21 18:23:00.0
2018-09-21 18:23 CEST,3,fair,traffic,0,APRUA,2018-09-21 15:00:00.0 UTC,2018-09-21 16:00:00.0 UTC,airqualityreports,APRUA,50.062298,14.53782,Praha 10-Prumyslova,34.4,0,CHMI,25,47.5,0,0,2018-09-21 18:23:00.0
2018-09-21 18:23 CEST,3,fair,urban,0,AREPA,2018-09-21 15:00:00.0 UTC,2018-09-21 16:00:00.0 UTC,airqualityreports,AREPA,50.088066,14.42922,Praha 1-n. Republiky,23.1,0,CHMI,22,26,0,0,2018-09-21 18:23:00.0
2018-09-21 18:23 CEST,3,fair,suburban,0,ARERA,2018-09-21 15:00:00.0 UTC,2018-09-21 16:00:00.0 UTC,airqualityreports,ARERA,50.030418,14.309517,Praha 5-Reporyje,6.9,0,ZU Usti nL,54,35.3,12,0,2018-09-21 18:23:00.0
2018-09-21 18:23 CEST,3,fair,urban,0,ARIEA,2018-09-21 15:00:00.0 UTC,2018-09-21 16:00:00.0 UTC,airqualityreports,ARIEA,50.081482,14.442692,Praha 2-Riegrovy sady,12.6,108.3,CHMI,23,25.8,6,1.3,2018-09-21 18:23:00.0
2018-09-21 18:23 CEST,3,fair,traffic,0,ASMIA,2018-09-21 15:00:00.0 UTC,2018-09-21 16:00:00.0 UTC,airqualityreports,ASMIA,50.073135,14.398141,Praha 5-Smichov,62.7,0,CHMI,35,38.5,26,0,2018-09-21 18:23:00.0
2018-09-21 18:23 CEST,3,fair,urban,0,ASROA,2018-09-21 15:00:00.0 UTC,2018-09-21 16:00:00.0 UTC,airqualityreports,ASROA,50.07515,14.472661,Praha 10-Srobarova,14,0,SZU,15,20.3,6,0,2018-09-21 18:23:00.0
2018-09-21 18:23 CEST,3,fair,urban,0,ASTOA,2018-09-21 15:00:00.0 UTC,2018-09-21 16:00:00.0 UTC,airqualityreports,ASTOA,50.046131,14.331413,Praha 5-Stodulky,0,113.3,CHMI,16,20.5,9,0,2018-09-21 18:23:00.0
2018-09-21 18:23 CEST,3,fair,suburban,0,ASUCA,2018-09-21 15:00:00.0 UTC,2018-09-21 16:00:00.0 UTC,airqualityreports,ASUCA,50.12653,14.384639,Praha 6-Suchdol,0,114.9,CHMI,17,21.1,0,0,2018-09-21 18:23:00.0
2018-09-21 18:23 CEST,3,fair,traffic,0,AVRSA,2018-09-21 15:00:00.0 UTC,2018-09-21 16:00:00.0 UTC,airqualityreports,AVRSA,50.066429,14.446152,Praha 10-Vrsovice,0,0,CHMI,23,35.9,0,0,2018-09-21 18:23:00.0
2018-09-21 18:23 CEST,3,fair,traffic,0,AVYNA,2018-09-21 15:00:00.0 UTC,2018-09-21 16:00:00.0 UTC,airqualityreports,AVYNA,50.11108,14.503096,Praha 9-Vysocany,19.7,101.5,CHMI,18,35.7,0,0,2018-09-21 18:23:00.0
2018-09-21 17:47 CEST,3,fair,urban,0,ABREA,2018-09-21 14:00:00.0 UTC,2018-09-21 15:00:00.0 UTC,airqualityreports,ABREA,50.084385,14.380116,Praha 6-Brevnov,10.5,0,CHMI,8,19.2,0,0,2018-09-21 17:47:00.0
2018-09-21 17:47 CEST,3,fair,urban,0,ACHOA,2018-09-21 14:00:00.0 UTC,2018-09-21 15:00:00.0 UTC,airqualityreports,ACHOA,50.03017,14.51745,Praha 4-Chodov,6.7,0,CHMI,21,18.3,0,0,2018-09-21 17:47:00.0
2018-09-21 17:47 CEST,3,fair,traffic,0,AKALA,2018-09-21 14:00:00.0 UTC,2018-09-21 15:00:00.0 UTC,airqualityreports,AKALA,50.094238,14.442049,Praha 8-Karlin,23,0,CHMI,38,35.3,0,0,2018-09-21 17:47:00.0
2018-09-21 17:47 CEST,3,fair,suburban,0,AKOBA,2018-09-21 14:00:00.0 UTC,2018-09-21 15:00:00.0 UTC,airqualityreports,AKOBA,50.122189,14.467578,Praha 8-Kobylisy,13.4,111.7,CHMI,13,23.1,0,0,2018-09-21 17:47:00.0
2018-09-21 17:47 CEST,3,fair,traffic,346,ALEGA,2018-09-21 14:00:00.0 UTC,2018-09-21 15:00:00.0 UTC,airqualityreports,ALEGA,50.072388,14.430673,Praha 2-Legerova,39.6,0,CHMI,23,26.9,9,0,2018-09-21 17:47:00.0
2018-09-21 17:47 CEST,3,fair,traffic,0,ALERA,2018-09-21 14:00:00.0 UTC,2018-09-21 15:00:00.0 UTC,airqualityreports,ALERA,50.107086,14.257226,Letiste Praha,9,0,Letiste Pr,32,29.3,12,0,2018-09-21 17:47:00.0
2018-09-21 17:47 CEST,4,suitable,suburban,346,ALIBA,2018-09-21 14:00:00.0 UTC,2018-09-21 15:00:00.0 UTC,airqualityreports,ALIBA,50.007305,14.445933,Praha 4-Libus,6.1,121.1,CHMI,8.5,17,3.6,3.2,2018-09-21 17:47:00.0
2018-09-21 17:47 CEST,3,fair,traffic,0,APRUA,2018-09-21 14:00:00.0 UTC,2018-09-21 15:00:00.0 UTC,airqualityreports,APRUA,50.062298,14.53782,Praha 10-Prumyslova,41.7,0,CHMI,18,46.8,0,0,2018-09-21 17:47:00.0
2018-09-21 17:47 CEST,3,fair,urban,0,AREPA,2018-09-21 14:00:00.0 UTC,2018-09-21 15:00:00.0 UTC,airqualityreports,AREPA,50.088066,14.42922,Praha 1-n. Republiky,19.1,0,CHMI,13,26,0,0,2018-09-21 17:47:00.0
2018-09-21 17:47 CEST,3,fair,suburban,0,ARERA,2018-09-21 14:00:00.0 UTC,2018-09-21 15:00:00.0 UTC,airqualityreports,ARERA,50.030418,14.309517,Praha 5-Reporyje,6.5,0,ZU Usti nL,38,33.7,11,0,2018-09-21 17:47:00.0
2018-09-21 17:47 CEST,3,fair,urban,0,ARIEA,2018-09-21 14:00:00.0 UTC,2018-09-21 15:00:00.0 UTC,airqualityreports,ARIEA,50.081482,14.442692,Praha 2-Riegrovy sady,13.6,112.7,CHMI,10,25,7,1.3,2018-09-21 17:47:00.0
2018-09-21 17:47 CEST,3,fair,traffic,0,ASMIA,2018-09-21 14:00:00.0 UTC,2018-09-21 15:00:00.0 UTC,airqualityreports,ASMIA,50.073135,14.398141,Praha 5-Smichov,84.7,0,CHMI,38,38.9,25,0,2018-09-21 17:47:00.0
2018-09-21 17:47 CEST,3,fair,urban,0,ASROA,2018-09-21 14:00:00.0 UTC,2018-09-21 15:00:00.0 UTC,airqualityreports,ASROA,50.07515,14.472661,Praha 10-Srobarova,10.7,0,SZU,16,20.3,6,0,2018-09-21 17:47:00.0
2018-09-21 17:47 CEST,3,fair,urban,0,ASTOA,2018-09-21 14:00:00.0 UTC,2018-09-21 15:00:00.0 UTC,airqualityreports,ASTOA,50.046131,14.331413,Praha 5-Stodulky,0,119.9,CHMI,25,20.6,13,0,2018-09-21 17:47:00.0
2018-09-21 17:47 CEST,4,suitable,suburban,0,ASUCA,2018-09-21 14:00:00.0 UTC,2018-09-21 15:00:00.0 UTC,airqualityreports,ASUCA,50.12653,14.384639,Praha 6-Suchdol,0,120.7,CHMI,7,20.9,0,0,2018-09-21 17:47:00.0
2018-09-21 17:47 CEST,3,fair,traffic,0,AVRSA,2018-09-21 14:00:00.0 UTC,2018-09-21 15:00:00.0 UTC,airqualityreports,AVRSA,50.066429,14.446152,Praha 10-Vrsovice,0,0,CHMI,28,35.8,0,0,2018-09-21 17:47:00.0
2018-09-21 17:47 CEST,3,fair,traffic,0,AVYNA,2018-09-21 14:00:00.0 UTC,2018-09-21 15:00:00.0 UTC,airqualityreports,AVYNA,50.11108,14.503096,Praha 9-Vysocany,29.3,98.6,CHMI,28,35.5,0,0,2018-09-21 17:47:00.0
2018-09-21 17:23 CEST,3,fair,urban,0,ABREA,2018-09-21 14:00:00.0 UTC,2018-09-21 15:00:00.0 UTC,airqualityreports,ABREA,50.084385,14.380116,Praha 6-Brevnov,10.5,0,CHMI,8,19.2,0,0,2018-09-21 17:23:00.0
2018-09-21 17:23 CEST,3,fair,urban,0,ACHOA,2018-09-21 14:00:00.0 UTC,2018-09-21 15:00:00.0 UTC,airqualityreports,ACHOA,50.03017,14.51745,Praha 4-Chodov,6.7,0,CHMI,21,18.3,0,0,2018-09-21 17:23:00.0
2018-09-21 17:23 CEST,3,fair,traffic,0,AKALA,2018-09-21 14:00:00.0 UTC,2018-09-21 15:00:00.0 UTC,airqualityreports,AKALA,50.094238,14.442049,Praha 8-Karlin,23,0,CHMI,38,35.3,0,0,2018-09-21 17:23:00.0
2018-09-21 17:23 CEST,3,fair,suburban,0,AKOBA,2018-09-21 14:00:00.0 UTC,2018-09-21 15:00:00.0 UTC,airqualityreports,AKOBA,50.122189,14.467578,Praha 8-Kobylisy,13.4,111.7,CHMI,13,23.1,0,0,2018-09-21 17:23:00.0
2018-09-21 17:23 CEST,3,fair,traffic,346,ALEGA,2018-09-21 14:00:00.0 UTC,2018-09-21 15:00:00.0 UTC,airqualityreports,ALEGA,50.072388,14.430673,Praha 2-Legerova,39.6,0,CHMI,23,26.9,9,0,2018-09-21 17:23:00.0
2018-09-21 17:23 CEST,3,fair,traffic,0,ALERA,2018-09-21 14:00:00.0 UTC,2018-09-21 15:00:00.0 UTC,airqualityreports,ALERA,50.107086,14.257226,Letiste Praha,9,0,Letiste Pr,32,29.3,12,0,2018-09-21 17:23:00.0
2018-09-21 17:23 CEST,4,suitable,suburban,346,ALIBA,2018-09-21 14:00:00.0 UTC,2018-09-21 15:00:00.0 UTC,airqualityreports,ALIBA,50.007305,14.445933,Praha 4-Libus,6.1,121.1,CHMI,8.5,17,3.6,3.2,2018-09-21 17:23:00.0
2018-09-21 17:23 CEST,3,fair,traffic,0,APRUA,2018-09-21 14:00:00.0 UTC,2018-09-21 15:00:00.0 UTC,airqualityreports,APRUA,50.062298,14.53782,Praha 10-Prumyslova,41.7,0,CHMI,18,46.8,0,0,2018-09-21 17:23:00.0
2018-09-21 17:23 CEST,3,fair,urban,0,AREPA,2018-09-21 14:00:00.0 UTC,2018-09-21 15:00:00.0 UTC,airqualityreports,AREPA,50.088066,14.42922,Praha 1-n. Republiky,19.1,0,CHMI,13,26,0,0,2018-09-21 17:23:00.0
2018-09-21 17:23 CEST,3,fair,suburban,0,ARERA,2018-09-21 14:00:00.0 UTC,2018-09-21 15:00:00.0 UTC,airqualityreports,ARERA,50.030418,14.309517,Praha 5-Reporyje,6.5,0,ZU Usti nL,38,33.7,11,0,2018-09-21 17:23:00.0
2018-09-21 17:23 CEST,3,fair,urban,0,ARIEA,2018-09-21 14:00:00.0 UTC,2018-09-21 15:00:00.0 UTC,airqualityreports,ARIEA,50.081482,14.442692,Praha 2-Riegrovy sady,13.6,112.7,CHMI,10,25,7,1.3,2018-09-21 17:23:00.0
2018-09-21 17:23 CEST,3,fair,traffic,0,ASMIA,2018-09-21 14:00:00.0 UTC,2018-09-21 15:00:00.0 UTC,airqualityreports,ASMIA,50.073135,14.398141,Praha 5-Smichov,84.7,0,CHMI,38,38.9,25,0,2018-09-21 17:23:00.0
2018-09-21 17:23 CEST,3,fair,urban,0,ASROA,2018-09-21 14:00:00.0 UTC,2018-09-21 15:00:00.0 UTC,airqualityreports,ASROA,50.07515,14.472661,Praha 10-Srobarova,10.7,0,SZU,16,20.3,6,0,2018-09-21 17:23:00.0
2018-09-21 17:23 CEST,3,fair,urban,0,ASTOA,2018-09-21 14:00:00.0 UTC,2018-09-21 15:00:00.0 UTC,airqualityreports,ASTOA,50.046131,14.331413,Praha 5-Stodulky,0,119.9,CHMI,25,20.6,13,0,2018-09-21 17:23:00.0
2018-09-21 17:23 CEST,4,suitable,suburban,0,ASUCA,2018-09-21 14:00:00.0 UTC,2018-09-21 15:00:00.0 UTC,airqualityreports,ASUCA,50.12653,14.384639,Praha 6-Suchdol,0,120.7,CHMI,7,20.9,0,0,2018-09-21 17:23:00.0
2018-09-21 17:23 CEST,3,fair,traffic,0,AVRSA,2018-09-21 14:00:00.0 UTC,2018-09-21 15:00:00.0 UTC,airqualityreports,AVRSA,50.066429,14.446152,Praha 10-Vrsovice,0,0,CHMI,28,35.8,0,0,2018-09-21 17:23:00.0
2018-09-21 17:23 CEST,3,fair,traffic,0,AVYNA,2018-09-21 14:00:00.0 UTC,2018-09-21 15:00:00.0 UTC,airqualityreports,AVYNA,50.11108,14.503096,Praha 9-Vysocany,29.3,98.6,CHMI,28,35.5,0,0,2018-09-21 17:23:00.0
2018-09-21 16:47 CEST,3,fair,urban,0,ABREA,2018-09-21 13:00:00.0 UTC,2018-09-21 14:00:00.0 UTC,airqualityreports,ABREA,50.084385,14.380116,Praha 6-Brevnov,10.9,0,CHMI,9,19.2,0,0,2018-09-21 16:47:00.0
2018-09-21 16:47 CEST,3,fair,urban,0,ACHOA,2018-09-21 13:00:00.0 UTC,2018-09-21 14:00:00.0 UTC,airqualityreports,ACHOA,50.03017,14.51745,Praha 4-Chodov,7.3,0,CHMI,11,17.5,0,0,2018-09-21 16:47:00.0
2018-09-21 16:47 CEST,3,fair,traffic,0,AKALA,2018-09-21 13:00:00.0 UTC,2018-09-21 14:00:00.0 UTC,airqualityreports,AKALA,50.094238,14.442049,Praha 8-Karlin,25.6,0,CHMI,28,34.6,0,0,2018-09-21 16:47:00.0
2018-09-21 16:47 CEST,0,Incomplete data,suburban,0,AKOBA,2018-09-21 13:00:00.0 UTC,2018-09-21 14:00:00.0 UTC,airqualityreports,AKOBA,50.122189,14.467578,Praha 8-Kobylisy,0,109.5,CHMI,15,22.9,0,0,2018-09-21 16:47:00.0
2018-09-21 16:47 CEST,3,fair,traffic,387,ALEGA,2018-09-21 13:00:00.0 UTC,2018-09-21 14:00:00.0 UTC,airqualityreports,ALEGA,50.072388,14.430673,Praha 2-Legerova,41.9,0,CHMI,31,26.8,10,0,2018-09-21 16:47:00.0
2018-09-21 16:47 CEST,3,fair,traffic,0,ALERA,2018-09-21 13:00:00.0 UTC,2018-09-21 14:00:00.0 UTC,airqualityreports,ALERA,50.107086,14.257226,Letiste Praha,11.1,0,Letiste Pr,35,29,14,0,2018-09-21 16:47:00.0
2018-09-21 16:47 CEST,3,fair,suburban,354,ALIBA,2018-09-21 13:00:00.0 UTC,2018-09-21 14:00:00.0 UTC,airqualityreports,ALIBA,50.007305,14.445933,Praha 4-Libus,6.1,116.7,CHMI,12.9,17.1,6.4,3.2,2018-09-21 16:47:00.0
2018-09-21 16:47 CEST,3,fair,traffic,0,APRUA,2018-09-21 13:00:00.0 UTC,2018-09-21 14:00:00.0 UTC,airqualityreports,APRUA,50.062298,14.53782,Praha 10-Prumyslova,41.5,0,CHMI,15,46.7,0,0,2018-09-21 16:47:00.0
2018-09-21 16:47 CEST,3,fair,urban,0,AREPA,2018-09-21 13:00:00.0 UTC,2018-09-21 14:00:00.0 UTC,airqualityreports,AREPA,50.088066,14.42922,Praha 1-n. Republiky,19.5,0,CHMI,23,26.5,0,0,2018-09-21 16:47:00.0
2018-09-21 16:47 CEST,4,suitable,suburban,0,ARERA,2018-09-21 13:00:00.0 UTC,2018-09-21 14:00:00.0 UTC,airqualityreports,ARERA,50.030418,14.309517,Praha 5-Reporyje,7.8,0,ZU Usti nL,86,33,15,0,2018-09-21 16:47:00.0
2018-09-21 16:47 CEST,3,fair,urban,0,ARIEA,2018-09-21 13:00:00.0 UTC,2018-09-21 14:00:00.0 UTC,airqualityreports,ARIEA,50.081482,14.442692,Praha 2-Riegrovy sady,13.8,109.9,CHMI,14,24.8,7,1.3,2018-09-21 16:47:00.0
2018-09-21 16:47 CEST,3,fair,traffic,0,ASMIA,2018-09-21 13:00:00.0 UTC,2018-09-21 14:00:00.0 UTC,airqualityreports,ASMIA,50.073135,14.398141,Praha 5-Smichov,90.1,0,CHMI,40,39.3,25,0,2018-09-21 16:47:00.0
2018-09-21 16:47 CEST,3,fair,urban,0,ASROA,2018-09-21 13:00:00.0 UTC,2018-09-21 14:00:00.0 UTC,airqualityreports,ASROA,50.07515,14.472661,Praha 10-Srobarova,9.2,0,SZU,17,20.2,6,0,2018-09-21 16:47:00.0
2018-09-21 16:47 CEST,3,fair,urban,0,ASTOA,2018-09-21 13:00:00.0 UTC,2018-09-21 14:00:00.0 UTC,airqualityreports,ASTOA,50.046131,14.331413,Praha 5-Stodulky,0,118.3,CHMI,7,20,8,0,2018-09-21 16:47:00.0
2018-09-21 16:47 CEST,3,fair,suburban,0,ASUCA,2018-09-21 13:00:00.0 UTC,2018-09-21 14:00:00.0 UTC,airqualityreports,ASUCA,50.12653,14.384639,Praha 6-Suchdol,0,117.9,CHMI,10,21.2,0,0,2018-09-21 16:47:00.0
2018-09-21 16:47 CEST,3,fair,traffic,0,AVRSA,2018-09-21 13:00:00.0 UTC,2018-09-21 14:00:00.0 UTC,airqualityreports,AVRSA,50.066429,14.446152,Praha 10-Vrsovice,0,0,CHMI,20,35.2,0,0,2018-09-21 16:47:00.0
2018-09-21 16:47 CEST,3,fair,traffic,0,AVYNA,2018-09-21 13:00:00.0 UTC,2018-09-21 14:00:00.0 UTC,airqualityreports,AVYNA,50.11108,14.503096,Praha 9-Vysocany,39.4,88.8,CHMI,14,34.8,0,0,2018-09-21 16:47:00.0
2018-09-21 16:23 CEST,3,fair,urban,0,ABREA,2018-09-21 13:00:00.0 UTC,2018-09-21 14:00:00.0 UTC,airqualityreports,ABREA,50.084385,14.380116,Praha 6-Brevnov,10.9,0,CHMI,9,19.2,0,0,2018-09-21 16:23:00.0
2018-09-21 16:23 CEST,3,fair,urban,0,ACHOA,2018-09-21 13:00:00.0 UTC,2018-09-21 14:00:00.0 UTC,airqualityreports,ACHOA,50.03017,14.51745,Praha 4-Chodov,7.3,0,CHMI,11,17.5,0,0,2018-09-21 16:23:00.0
2018-09-21 16:23 CEST,3,fair,traffic,0,AKALA,2018-09-21 13:00:00.0 UTC,2018-09-21 14:00:00.0 UTC,airqualityreports,AKALA,50.094238,14.442049,Praha 8-Karlin,25.6,0,CHMI,28,34.6,0,0,2018-09-21 16:23:00.0
2018-09-21 16:23 CEST,0,Incomplete data,suburban,0,AKOBA,2018-09-21 13:00:00.0 UTC,2018-09-21 14:00:00.0 UTC,airqualityreports,AKOBA,50.122189,14.467578,Praha 8-Kobylisy,0,109.5,CHMI,15,22.9,0,0,2018-09-21 16:23:00.0
2018-09-21 16:23 CEST,3,fair,traffic,387,ALEGA,2018-09-21 13:00:00.0 UTC,2018-09-21 14:00:00.0 UTC,airqualityreports,ALEGA,50.072388,14.430673,Praha 2-Legerova,41.9,0,CHMI,31,26.8,10,0,2018-09-21 16:23:00.0
2018-09-21 16:23 CEST,3,fair,traffic,0,ALERA,2018-09-21 13:00:00.0 UTC,2018-09-21 14:00:00.0 UTC,airqualityreports,ALERA,50.107086,14.257226,Letiste Praha,11.1,0,Letiste Pr,35,29,14,0,2018-09-21 16:23:00.0
2018-09-21 16:23 CEST,3,fair,suburban,354,ALIBA,2018-09-21 13:00:00.0 UTC,2018-09-21 14:00:00.0 UTC,airqualityreports,ALIBA,50.007305,14.445933,Praha 4-Libus,6.1,116.7,CHMI,12.9,17.1,6.4,3.2,2018-09-21 16:23:00.0
2018-09-21 16:23 CEST,3,fair,traffic,0,APRUA,2018-09-21 13:00:00.0 UTC,2018-09-21 14:00:00.0 UTC,airqualityreports,APRUA,50.062298,14.53782,Praha 10-Prumyslova,41.5,0,CHMI,15,46.7,0,0,2018-09-21 16:23:00.0
2018-09-21 16:23 CEST,3,fair,urban,0,AREPA,2018-09-21 13:00:00.0 UTC,2018-09-21 14:00:00.0 UTC,airqualityreports,AREPA,50.088066,14.42922,Praha 1-n. Republiky,19.5,0,CHMI,23,26.5,0,0,2018-09-21 16:23:00.0
2018-09-21 16:23 CEST,4,suitable,suburban,0,ARERA,2018-09-21 13:00:00.0 UTC,2018-09-21 14:00:00.0 UTC,airqualityreports,ARERA,50.030418,14.309517,Praha 5-Reporyje,7.8,0,ZU Usti nL,86,33,15,0,2018-09-21 16:23:00.0
2018-09-21 16:23 CEST,3,fair,urban,0,ARIEA,2018-09-21 13:00:00.0 UTC,2018-09-21 14:00:00.0 UTC,airqualityreports,ARIEA,50.081482,14.442692,Praha 2-Riegrovy sady,13.8,109.9,CHMI,14,24.8,7,1.3,2018-09-21 16:23:00.0
2018-09-21 16:23 CEST,3,fair,traffic,0,ASMIA,2018-09-21 13:00:00.0 UTC,2018-09-21 14:00:00.0 UTC,airqualityreports,ASMIA,50.073135,14.398141,Praha 5-Smichov,90.1,0,CHMI,40,39.3,25,0,2018-09-21 16:23:00.0
2018-09-21 16:23 CEST,3,fair,urban,0,ASROA,2018-09-21 13:00:00.0 UTC,2018-09-21 14:00:00.0 UTC,airqualityreports,ASROA,50.07515,14.472661,Praha 10-Srobarova,9.2,0,SZU,17,20.2,6,0,2018-09-21 16:23:00.0
2018-09-21 16:23 CEST,3,fair,urban,0,ASTOA,2018-09-21 13:00:00.0 UTC,2018-09-21 14:00:00.0 UTC,airqualityreports,ASTOA,50.046131,14.331413,Praha 5-Stodulky,0,118.3,CHMI,7,20,8,0,2018-09-21 16:23:00.0
2018-09-21 16:23 CEST,3,fair,suburban,0,ASUCA,2018-09-21 13:00:00.0 UTC,2018-09-21 14:00:00.0 UTC,airqualityreports,ASUCA,50.12653,14.384639,Praha 6-Suchdol,0,117.9,CHMI,10,21.2,0,0,2018-09-21 16:23:00.0
2018-09-21 16:23 CEST,3,fair,traffic,0,AVRSA,2018-09-21 13:00:00.0 UTC,2018-09-21 14:00:00.0 UTC,airqualityreports,AVRSA,50.066429,14.446152,Praha 10-Vrsovice,0,0,CHMI,20,35.2,0,0,2018-09-21 16:23:00.0
2018-09-21 16:23 CEST,3,fair,traffic,0,AVYNA,2018-09-21 13:00:00.0 UTC,2018-09-21 14:00:00.0 UTC,airqualityreports,AVYNA,50.11108,14.503096,Praha 9-Vysocany,39.4,88.8,CHMI,14,34.8,0,0,2018-09-21 16:23:00.0
2018-09-21 15:47 CEST,3,fair,urban,0,ABREA,2018-09-21 12:00:00.0 UTC,2018-09-21 13:00:00.0 UTC,airqualityreports,ABREA,50.084385,14.380116,Praha 6-Brevnov,11.1,0,CHMI,11,19,0,0,2018-09-21 15:47:00.0
2018-09-21 15:47 CEST,3,fair,urban,0,ACHOA,2018-09-21 12:00:00.0 UTC,2018-09-21 13:00:00.0 UTC,airqualityreports,ACHOA,50.03017,14.51745,Praha 4-Chodov,7.3,0,CHMI,14,17.3,0,0,2018-09-21 15:47:00.0
2018-09-21 15:47 CEST,3,fair,traffic,0,AKALA,2018-09-21 12:00:00.0 UTC,2018-09-21 13:00:00.0 UTC,airqualityreports,AKALA,50.094238,14.442049,Praha 8-Karlin,31.4,0,CHMI,21,34.1,0,0,2018-09-21 15:47:00.0
2018-09-21 15:47 CEST,3,fair,suburban,0,AKOBA,2018-09-21 12:00:00.0 UTC,2018-09-21 13:00:00.0 UTC,airqualityreports,AKOBA,50.122189,14.467578,Praha 8-Kobylisy,11.9,107.9,CHMI,11,22.9,0,0,2018-09-21 15:47:00.0
2018-09-21 15:47 CEST,3,fair,traffic,429,ALEGA,2018-09-21 12:00:00.0 UTC,2018-09-21 13:00:00.0 UTC,airqualityreports,ALEGA,50.072388,14.430673,Praha 2-Legerova,56.2,0,CHMI,20,26.5,10,0,2018-09-21 15:47:00.0
2018-09-21 15:47 CEST,3,fair,traffic,0,ALERA,2018-09-21 12:00:00.0 UTC,2018-09-21 13:00:00.0 UTC,airqualityreports,ALERA,50.107086,14.257226,Letiste Praha,20.7,0,Letiste Pr,29,28.6,13,0,2018-09-21 15:47:00.0
2018-09-21 15:47 CEST,3,fair,suburban,367,ALIBA,2018-09-21 12:00:00.0 UTC,2018-09-21 13:00:00.0 UTC,airqualityreports,ALIBA,50.007305,14.445933,Praha 4-Libus,5.9,113.5,CHMI,11.5,16.8,11.2,2.9,2018-09-21 15:47:00.0
2018-09-21 15:47 CEST,3,fair,traffic,0,APRUA,2018-09-21 12:00:00.0 UTC,2018-09-21 13:00:00.0 UTC,airqualityreports,APRUA,50.062298,14.53782,Praha 10-Prumyslova,35.4,0,CHMI,17,46.4,0,0,2018-09-21 15:47:00.0
2018-09-21 15:47 CEST,3,fair,urban,0,AREPA,2018-09-21 12:00:00.0 UTC,2018-09-21 13:00:00.0 UTC,airqualityreports,AREPA,50.088066,14.42922,Praha 1-n. Republiky,23.1,0,CHMI,33,26.4,0,0,2018-09-21 15:47:00.0
2018-09-21 15:47 CEST,3,fair,suburban,0,ARERA,2018-09-21 12:00:00.0 UTC,2018-09-21 13:00:00.0 UTC,airqualityreports,ARERA,50.030418,14.309517,Praha 5-Reporyje,22,0,ZU Usti nL,39,30.5,11,0,2018-09-21 15:47:00.0
2018-09-21 15:47 CEST,3,fair,urban,0,ARIEA,2018-09-21 12:00:00.0 UTC,2018-09-21 13:00:00.0 UTC,airqualityreports,ARIEA,50.081482,14.442692,Praha 2-Riegrovy sady,12.2,107.9,CHMI,18,24.6,10,1.3,2018-09-21 15:47:00.0
2018-09-21 15:47 CEST,3,fair,traffic,0,ASMIA,2018-09-21 12:00:00.0 UTC,2018-09-21 13:00:00.0 UTC,airqualityreports,ASMIA,50.073135,14.398141,Praha 5-Smichov,62.6,0,CHMI,35,39.8,24,0,2018-09-21 15:47:00.0
2018-09-21 15:47 CEST,3,fair,urban,0,ASROA,2018-09-21 12:00:00.0 UTC,2018-09-21 13:00:00.0 UTC,airqualityreports,ASROA,50.07515,14.472661,Praha 10-Srobarova,11.9,0,SZU,15,20,7,0,2018-09-21 15:47:00.0
2018-09-21 15:47 CEST,3,fair,urban,0,ASTOA,2018-09-21 12:00:00.0 UTC,2018-09-21 13:00:00.0 UTC,airqualityreports,ASTOA,50.046131,14.331413,Praha 5-Stodulky,0,112.3,CHMI,11,20.3,9,0,2018-09-21 15:47:00.0
2018-09-21 15:47 CEST,3,fair,suburban,0,ASUCA,2018-09-21 12:00:00.0 UTC,2018-09-21 13:00:00.0 UTC,airqualityreports,ASUCA,50.12653,14.384639,Praha 6-Suchdol,0,113.9,CHMI,13,21.5,0,0,2018-09-21 15:47:00.0
2018-09-21 15:47 CEST,3,fair,traffic,0,AVRSA,2018-09-21 12:00:00.0 UTC,2018-09-21 13:00:00.0 UTC,airqualityreports,AVRSA,50.066429,14.446152,Praha 10-Vrsovice,0,0,CHMI,14,35,0,0,2018-09-21 15:47:00.0
2018-09-21 15:47 CEST,3,fair,traffic,0,AVYNA,2018-09-21 12:00:00.0 UTC,2018-09-21 13:00:00.0 UTC,airqualityreports,AVYNA,50.11108,14.503096,Praha 9-Vysocany,24.7,94.8,CHMI,14,34.8,0,0,2018-09-21 15:47:00.0
2018-09-21 15:23 CEST,3,fair,urban,0,ABREA,2018-09-21 12:00:00.0 UTC,2018-09-21 13:00:00.0 UTC,airqualityreports,ABREA,50.084385,14.380116,Praha 6-Brevnov,11.1,0,CHMI,11,19,0,0,2018-09-21 15:23:00.0
2018-09-21 15:23 CEST,3,fair,urban,0,ACHOA,2018-09-21 12:00:00.0 UTC,2018-09-21 13:00:00.0 UTC,airqualityreports,ACHOA,50.03017,14.51745,Praha 4-Chodov,7.3,0,CHMI,14,17.3,0,0,2018-09-21 15:23:00.0
2018-09-21 15:23 CEST,3,fair,traffic,0,AKALA,2018-09-21 12:00:00.0 UTC,2018-09-21 13:00:00.0 UTC,airqualityreports,AKALA,50.094238,14.442049,Praha 8-Karlin,31.4,0,CHMI,21,34.1,0,0,2018-09-21 15:23:00.0
2018-09-21 15:23 CEST,3,fair,suburban,0,AKOBA,2018-09-21 12:00:00.0 UTC,2018-09-21 13:00:00.0 UTC,airqualityreports,AKOBA,50.122189,14.467578,Praha 8-Kobylisy,11.9,107.9,CHMI,11,22.9,0,0,2018-09-21 15:23:00.0
2018-09-21 15:23 CEST,3,fair,traffic,429,ALEGA,2018-09-21 12:00:00.0 UTC,2018-09-21 13:00:00.0 UTC,airqualityreports,ALEGA,50.072388,14.430673,Praha 2-Legerova,56.2,0,CHMI,20,26.5,10,0,2018-09-21 15:23:00.0
2018-09-21 15:23 CEST,3,fair,traffic,0,ALERA,2018-09-21 12:00:00.0 UTC,2018-09-21 13:00:00.0 UTC,airqualityreports,ALERA,50.107086,14.257226,Letiste Praha,20.7,0,Letiste Pr,29,28.6,13,0,2018-09-21 15:23:00.0
2018-09-21 15:23 CEST,3,fair,suburban,367,ALIBA,2018-09-21 12:00:00.0 UTC,2018-09-21 13:00:00.0 UTC,airqualityreports,ALIBA,50.007305,14.445933,Praha 4-Libus,5.9,113.5,CHMI,11.5,16.8,11.2,2.9,2018-09-21 15:23:00.0
2018-09-21 15:23 CEST,3,fair,traffic,0,APRUA,2018-09-21 12:00:00.0 UTC,2018-09-21 13:00:00.0 UTC,airqualityreports,APRUA,50.062298,14.53782,Praha 10-Prumyslova,35.4,0,CHMI,17,46.4,0,0,2018-09-21 15:23:00.0
2018-09-21 15:23 CEST,3,fair,urban,0,AREPA,2018-09-21 12:00:00.0 UTC,2018-09-21 13:00:00.0 UTC,airqualityreports,AREPA,50.088066,14.42922,Praha 1-n. Republiky,23.1,0,CHMI,33,26.4,0,0,2018-09-21 15:23:00.0
2018-09-21 15:23 CEST,3,fair,suburban,0,ARERA,2018-09-21 12:00:00.0 UTC,2018-09-21 13:00:00.0 UTC,airqualityreports,ARERA,50.030418,14.309517,Praha 5-Reporyje,22,0,ZU Usti nL,39,30.5,11,0,2018-09-21 15:23:00.0
2018-09-21 15:23 CEST,3,fair,urban,0,ARIEA,2018-09-21 12:00:00.0 UTC,2018-09-21 13:00:00.0 UTC,airqualityreports,ARIEA,50.081482,14.442692,Praha 2-Riegrovy sady,12.2,107.9,CHMI,18,24.6,10,1.3,2018-09-21 15:23:00.0
2018-09-21 15:23 CEST,3,fair,traffic,0,ASMIA,2018-09-21 12:00:00.0 UTC,2018-09-21 13:00:00.0 UTC,airqualityreports,ASMIA,50.073135,14.398141,Praha 5-Smichov,62.6,0,CHMI,35,39.8,24,0,2018-09-21 15:23:00.0
2018-09-21 15:23 CEST,3,fair,urban,0,ASROA,2018-09-21 12:00:00.0 UTC,2018-09-21 13:00:00.0 UTC,airqualityreports,ASROA,50.07515,14.472661,Praha 10-Srobarova,11.9,0,SZU,15,20,7,0,2018-09-21 15:23:00.0
2018-09-21 15:23 CEST,3,fair,urban,0,ASTOA,2018-09-21 12:00:00.0 UTC,2018-09-21 13:00:00.0 UTC,airqualityreports,ASTOA,50.046131,14.331413,Praha 5-Stodulky,0,112.3,CHMI,11,20.3,9,0,2018-09-21 15:23:00.0
2018-09-21 15:23 CEST,3,fair,suburban,0,ASUCA,2018-09-21 12:00:00.0 UTC,2018-09-21 13:00:00.0 UTC,airqualityreports,ASUCA,50.12653,14.384639,Praha 6-Suchdol,0,113.9,CHMI,13,21.5,0,0,2018-09-21 15:23:00.0
2018-09-21 15:23 CEST,3,fair,traffic,0,AVRSA,2018-09-21 12:00:00.0 UTC,2018-09-21 13:00:00.0 UTC,airqualityreports,AVRSA,50.066429,14.446152,Praha 10-Vrsovice,0,0,CHMI,14,35,0,0,2018-09-21 15:23:00.0
2018-09-21 15:23 CEST,3,fair,traffic,0,AVYNA,2018-09-21 12:00:00.0 UTC,2018-09-21 13:00:00.0 UTC,airqualityreports,AVYNA,50.11108,14.503096,Praha 9-Vysocany,24.7,94.8,CHMI,14,34.8,0,0,2018-09-21 15:23:00.0
2018-09-21 14:47 CEST,3,fair,urban,0,ABREA,2018-09-21 11:00:00.0 UTC,2018-09-21 12:00:00.0 UTC,airqualityreports,ABREA,50.084385,14.380116,Praha 6-Brevnov,10.9,0,CHMI,11,18.7,0,0,2018-09-21 14:47:00.0
2018-09-21 14:47 CEST,3,fair,urban,0,ACHOA,2018-09-21 11:00:00.0 UTC,2018-09-21 12:00:00.0 UTC,airqualityreports,ACHOA,50.03017,14.51745,Praha 4-Chodov,6.9,0,CHMI,24,17,0,0,2018-09-21 14:47:00.0
2018-09-21 14:47 CEST,3,fair,traffic,0,AKALA,2018-09-21 11:00:00.0 UTC,2018-09-21 12:00:00.0 UTC,airqualityreports,AKALA,50.094238,14.442049,Praha 8-Karlin,22.4,0,CHMI,28,34.4,0,0,2018-09-21 14:47:00.0
2018-09-21 14:47 CEST,3,fair,suburban,0,AKOBA,2018-09-21 11:00:00.0 UTC,2018-09-21 12:00:00.0 UTC,airqualityreports,AKOBA,50.122189,14.467578,Praha 8-Kobylisy,13.8,108.5,CHMI,14,23.1,0,0,2018-09-21 14:47:00.0
2018-09-21 14:47 CEST,3,fair,traffic,450,ALEGA,2018-09-21 11:00:00.0 UTC,2018-09-21 12:00:00.0 UTC,airqualityreports,ALEGA,50.072388,14.430673,Praha 2-Legerova,71.7,0,CHMI,21,26.5,11,0,2018-09-21 14:47:00.0
2018-09-21 14:47 CEST,3,fair,traffic,0,ALERA,2018-09-21 11:00:00.0 UTC,2018-09-21 12:00:00.0 UTC,airqualityreports,ALERA,50.107086,14.257226,Letiste Praha,36,0,Letiste Pr,23,28.5,16,0,2018-09-21 14:47:00.0
2018-09-21 14:47 CEST,3,fair,suburban,370,ALIBA,2018-09-21 11:00:00.0 UTC,2018-09-21 12:00:00.0 UTC,airqualityreports,ALIBA,50.007305,14.445933,Praha 4-Libus,6.1,113.3,CHMI,9.6,16.7,18.6,3.2,2018-09-21 14:47:00.0
2018-09-21 14:47 CEST,3,fair,traffic,0,APRUA,2018-09-21 11:00:00.0 UTC,2018-09-21 12:00:00.0 UTC,airqualityreports,APRUA,50.062298,14.53782,Praha 10-Prumyslova,27.2,0,CHMI,23,46.2,0,0,2018-09-21 14:47:00.0
2018-09-21 14:47 CEST,3,fair,urban,0,AREPA,2018-09-21 11:00:00.0 UTC,2018-09-21 12:00:00.0 UTC,airqualityreports,AREPA,50.088066,14.42922,Praha 1-n. Republiky,22.6,0,CHMI,21,26,0,0,2018-09-21 14:47:00.0
2018-09-21 14:47 CEST,3,fair,suburban,0,ARERA,2018-09-21 11:00:00.0 UTC,2018-09-21 12:00:00.0 UTC,airqualityreports,ARERA,50.030418,14.309517,Praha 5-Reporyje,12.1,0,ZU Usti nL,61,30,13,0,2018-09-21 14:47:00.0
2018-09-21 14:47 CEST,0,Incomplete data,urban,0,ARIEA,2018-09-21 11:00:00.0 UTC,2018-09-21 12:00:00.0 UTC,airqualityreports,ARIEA,50.081482,14.442692,Praha 2-Riegrovy sady,0,110.1,CHMI,25,24.4,18,0,2018-09-21 14:47:00.0
2018-09-21 14:47 CEST,4,suitable,traffic,0,ASMIA,2018-09-21 11:00:00.0 UTC,2018-09-21 12:00:00.0 UTC,airqualityreports,ASMIA,50.073135,14.398141,Praha 5-Smichov,103.3,0,CHMI,49,40.5,30,0,2018-09-21 14:47:00.0
2018-09-21 14:47 CEST,3,fair,urban,0,ASROA,2018-09-21 11:00:00.0 UTC,2018-09-21 12:00:00.0 UTC,airqualityreports,ASROA,50.07515,14.472661,Praha 10-Srobarova,10.1,0,SZU,16,19.9,8,0,2018-09-21 14:47:00.0
2018-09-21 14:47 CEST,3,fair,urban,0,ASTOA,2018-09-21 11:00:00.0 UTC,2018-09-21 12:00:00.0 UTC,airqualityreports,ASTOA,50.046131,14.331413,Praha 5-Stodulky,0,111.3,CHMI,13,20.3,14,0,2018-09-21 14:47:00.0
2018-09-21 14:47 CEST,3,fair,suburban,0,ASUCA,2018-09-21 11:00:00.0 UTC,2018-09-21 12:00:00.0 UTC,airqualityreports,ASUCA,50.12653,14.384639,Praha 6-Suchdol,0,113.5,CHMI,20,21.4,0,0,2018-09-21 14:47:00.0
2018-09-21 14:47 CEST,3,fair,traffic,0,AVRSA,2018-09-21 11:00:00.0 UTC,2018-09-21 12:00:00.0 UTC,airqualityreports,AVRSA,50.066429,14.446152,Praha 10-Vrsovice,0,0,CHMI,17,35.1,0,0,2018-09-21 14:47:00.0
2018-09-21 14:47 CEST,3,fair,traffic,0,AVYNA,2018-09-21 11:00:00.0 UTC,2018-09-21 12:00:00.0 UTC,airqualityreports,AVYNA,50.11108,14.503096,Praha 9-Vysocany,16.6,104.5,CHMI,22,34.9,0,0,2018-09-21 14:47:00.0
2018-09-21 14:23 CEST,3,fair,urban,0,ABREA,2018-09-21 11:00:00.0 UTC,2018-09-21 12:00:00.0 UTC,airqualityreports,ABREA,50.084385,14.380116,Praha 6-Brevnov,10.9,0,CHMI,11,18.7,0,0,2018-09-21 14:23:00.0
2018-09-21 14:23 CEST,3,fair,urban,0,ACHOA,2018-09-21 11:00:00.0 UTC,2018-09-21 12:00:00.0 UTC,airqualityreports,ACHOA,50.03017,14.51745,Praha 4-Chodov,6.9,0,CHMI,24,17,0,0,2018-09-21 14:23:00.0
2018-09-21 14:23 CEST,3,fair,traffic,0,AKALA,2018-09-21 11:00:00.0 UTC,2018-09-21 12:00:00.0 UTC,airqualityreports,AKALA,50.094238,14.442049,Praha 8-Karlin,22.4,0,CHMI,28,34.4,0,0,2018-09-21 14:23:00.0
2018-09-21 14:23 CEST,3,fair,suburban,0,AKOBA,2018-09-21 11:00:00.0 UTC,2018-09-21 12:00:00.0 UTC,airqualityreports,AKOBA,50.122189,14.467578,Praha 8-Kobylisy,13.8,108.5,CHMI,14,23.1,0,0,2018-09-21 14:23:00.0
2018-09-21 14:23 CEST,3,fair,traffic,450,ALEGA,2018-09-21 11:00:00.0 UTC,2018-09-21 12:00:00.0 UTC,airqualityreports,ALEGA,50.072388,14.430673,Praha 2-Legerova,71.7,0,CHMI,21,26.5,11,0,2018-09-21 14:23:00.0
2018-09-21 14:23 CEST,3,fair,traffic,0,ALERA,2018-09-21 11:00:00.0 UTC,2018-09-21 12:00:00.0 UTC,airqualityreports,ALERA,50.107086,14.257226,Letiste Praha,36,0,Letiste Pr,23,28.5,16,0,2018-09-21 14:23:00.0
2018-09-21 14:23 CEST,3,fair,suburban,370,ALIBA,2018-09-21 11:00:00.0 UTC,2018-09-21 12:00:00.0 UTC,airqualityreports,ALIBA,50.007305,14.445933,Praha 4-Libus,6.1,113.3,CHMI,9.6,16.7,18.6,3.2,2018-09-21 14:23:00.0
2018-09-21 14:23 CEST,3,fair,traffic,0,APRUA,2018-09-21 11:00:00.0 UTC,2018-09-21 12:00:00.0 UTC,airqualityreports,APRUA,50.062298,14.53782,Praha 10-Prumyslova,27.2,0,CHMI,23,46.2,0,0,2018-09-21 14:23:00.0
2018-09-21 14:23 CEST,3,fair,urban,0,AREPA,2018-09-21 11:00:00.0 UTC,2018-09-21 12:00:00.0 UTC,airqualityreports,AREPA,50.088066,14.42922,Praha 1-n. Republiky,22.6,0,CHMI,21,26,0,0,2018-09-21 14:23:00.0
2018-09-21 14:23 CEST,3,fair,suburban,0,ARERA,2018-09-21 11:00:00.0 UTC,2018-09-21 12:00:00.0 UTC,airqualityreports,ARERA,50.030418,14.309517,Praha 5-Reporyje,12.1,0,ZU Usti nL,61,30,13,0,2018-09-21 14:23:00.0
2018-09-21 14:23 CEST,0,Incomplete data,urban,0,ARIEA,2018-09-21 11:00:00.0 UTC,2018-09-21 12:00:00.0 UTC,airqualityreports,ARIEA,50.081482,14.442692,Praha 2-Riegrovy sady,0,110.1,CHMI,25,24.4,18,0,2018-09-21 14:23:00.0
2018-09-21 14:23 CEST,4,suitable,traffic,0,ASMIA,2018-09-21 11:00:00.0 UTC,2018-09-21 12:00:00.0 UTC,airqualityreports,ASMIA,50.073135,14.398141,Praha 5-Smichov,103.3,0,CHMI,49,40.5,30,0,2018-09-21 14:23:00.0
2018-09-21 14:23 CEST,3,fair,urban,0,ASROA,2018-09-21 11:00:00.0 UTC,2018-09-21 12:00:00.0 UTC,airqualityreports,ASROA,50.07515,14.472661,Praha 10-Srobarova,10.1,0,SZU,16,19.9,8,0,2018-09-21 14:23:00.0
2018-09-21 14:23 CEST,3,fair,urban,0,ASTOA,2018-09-21 11:00:00.0 UTC,2018-09-21 12:00:00.0 UTC,airqualityreports,ASTOA,50.046131,14.331413,Praha 5-Stodulky,0,111.3,CHMI,13,20.3,14,0,2018-09-21 14:23:00.0
2018-09-21 14:23 CEST,3,fair,suburban,0,ASUCA,2018-09-21 11:00:00.0 UTC,2018-09-21 12:00:00.0 UTC,airqualityreports,ASUCA,50.12653,14.384639,Praha 6-Suchdol,0,113.5,CHMI,20,21.4,0,0,2018-09-21 14:23:00.0
2018-09-21 14:23 CEST,3,fair,traffic,0,AVRSA,2018-09-21 11:00:00.0 UTC,2018-09-21 12:00:00.0 UTC,airqualityreports,AVRSA,50.066429,14.446152,Praha 10-Vrsovice,0,0,CHMI,17,35.1,0,0,2018-09-21 14:23:00.0
2018-09-21 14:23 CEST,3,fair,traffic,0,AVYNA,2018-09-21 11:00:00.0 UTC,2018-09-21 12:00:00.0 UTC,airqualityreports,AVYNA,50.11108,14.503096,Praha 9-Vysocany,16.6,104.5,CHMI,22,34.9,0,0,2018-09-21 14:23:00.0
2018-09-21 13:47 CEST,3,fair,urban,0,ABREA,2018-09-21 10:00:00.0 UTC,2018-09-21 11:00:00.0 UTC,airqualityreports,ABREA,50.084385,14.380116,Praha 6-Brevnov,12.2,0,CHMI,16,18.5,0,0,2018-09-21 13:47:00.0
2018-09-21 13:47 CEST,3,fair,urban,0,ACHOA,2018-09-21 10:00:00.0 UTC,2018-09-21 11:00:00.0 UTC,airqualityreports,ACHOA,50.03017,14.51745,Praha 4-Chodov,6.7,0,CHMI,21,16.3,0,0,2018-09-21 13:47:00.0
2018-09-21 13:47 CEST,3,fair,traffic,0,AKALA,2018-09-21 10:00:00.0 UTC,2018-09-21 11:00:00.0 UTC,airqualityreports,AKALA,50.094238,14.442049,Praha 8-Karlin,20.5,0,CHMI,28,34.4,0,0,2018-09-21 13:47:00.0
2018-09-21 13:47 CEST,3,fair,suburban,0,AKOBA,2018-09-21 10:00:00.0 UTC,2018-09-21 11:00:00.0 UTC,airqualityreports,AKOBA,50.122189,14.467578,Praha 8-Kobylisy,12.8,105.3,CHMI,21,23.4,0,0,2018-09-21 13:47:00.0
2018-09-21 13:47 CEST,3,fair,traffic,452,ALEGA,2018-09-21 10:00:00.0 UTC,2018-09-21 11:00:00.0 UTC,airqualityreports,ALEGA,50.072388,14.430673,Praha 2-Legerova,57.8,0,CHMI,25,26.5,14,0,2018-09-21 13:47:00.0
2018-09-21 13:47 CEST,3,fair,traffic,0,ALERA,2018-09-21 10:00:00.0 UTC,2018-09-21 11:00:00.0 UTC,airqualityreports,ALERA,50.107086,14.257226,Letiste Praha,43.6,0,Letiste Pr,30,28.6,13,0,2018-09-21 13:47:00.0
2018-09-21 13:47 CEST,3,fair,suburban,370,ALIBA,2018-09-21 10:00:00.0 UTC,2018-09-21 11:00:00.0 UTC,airqualityreports,ALIBA,50.007305,14.445933,Praha 4-Libus,5.9,112.5,CHMI,15.3,16.9,9.6,2.9,2018-09-21 13:47:00.0
2018-09-21 13:47 CEST,3,fair,traffic,0,APRUA,2018-09-21 10:00:00.0 UTC,2018-09-21 11:00:00.0 UTC,airqualityreports,APRUA,50.062298,14.53782,Praha 10-Prumyslova,26.8,0,CHMI,43,46.1,0,0,2018-09-21 13:47:00.0
2018-09-21 13:47 CEST,3,fair,urban,0,AREPA,2018-09-21 10:00:00.0 UTC,2018-09-21 11:00:00.0 UTC,airqualityreports,AREPA,50.088066,14.42922,Praha 1-n. Republiky,23,0,CHMI,24,25.7,0,0,2018-09-21 13:47:00.0
2018-09-21 13:47 CEST,3,fair,suburban,0,ARERA,2018-09-21 10:00:00.0 UTC,2018-09-21 11:00:00.0 UTC,airqualityreports,ARERA,50.030418,14.309517,Praha 5-Reporyje,9.4,0,ZU Usti nL,41,28.6,12,0,2018-09-21 13:47:00.0
2018-09-21 13:47 CEST,3,fair,urban,0,ARIEA,2018-09-21 10:00:00.0 UTC,2018-09-21 11:00:00.0 UTC,airqualityreports,ARIEA,50.081482,14.442692,Praha 2-Riegrovy sady,10.7,109.3,CHMI,25,24.4,18,1.3,2018-09-21 13:47:00.0
2018-09-21 13:47 CEST,4,suitable,traffic,0,ASMIA,2018-09-21 10:00:00.0 UTC,2018-09-21 11:00:00.0 UTC,airqualityreports,ASMIA,50.073135,14.398141,Praha 5-Smichov,131.4,0,CHMI,55,40.5,42,0,2018-09-21 13:47:00.0
2018-09-21 13:47 CEST,3,fair,urban,0,ASROA,2018-09-21 10:00:00.0 UTC,2018-09-21 11:00:00.0 UTC,airqualityreports,ASROA,50.07515,14.472661,Praha 10-Srobarova,9.8,0,SZU,16,19.8,9,0,2018-09-21 13:47:00.0
2018-09-21 13:47 CEST,3,fair,urban,0,ASTOA,2018-09-21 10:00:00.0 UTC,2018-09-21 11:00:00.0 UTC,airqualityreports,ASTOA,50.046131,14.331413,Praha 5-Stodulky,0,109.3,CHMI,22,20.6,18,0,2018-09-21 13:47:00.0
2018-09-21 13:47 CEST,3,fair,suburban,0,ASUCA,2018-09-21 10:00:00.0 UTC,2018-09-21 11:00:00.0 UTC,airqualityreports,ASUCA,50.12653,14.384639,Praha 6-Suchdol,0,103.1,CHMI,25,21.3,0,0,2018-09-21 13:47:00.0
2018-09-21 13:47 CEST,3,fair,traffic,0,AVRSA,2018-09-21 10:00:00.0 UTC,2018-09-21 11:00:00.0 UTC,airqualityreports,AVRSA,50.066429,14.446152,Praha 10-Vrsovice,0,0,CHMI,22,35.1,0,0,2018-09-21 13:47:00.0
2018-09-21 13:47 CEST,3,fair,traffic,0,AVYNA,2018-09-21 10:00:00.0 UTC,2018-09-21 11:00:00.0 UTC,airqualityreports,AVYNA,50.11108,14.503096,Praha 9-Vysocany,25.4,95.2,CHMI,37,34.6,0,0,2018-09-21 13:47:00.0
2018-09-21 13:23 CEST,3,fair,urban,0,ABREA,2018-09-21 10:00:00.0 UTC,2018-09-21 11:00:00.0 UTC,airqualityreports,ABREA,50.084385,14.380116,Praha 6-Brevnov,12.2,0,CHMI,16,18.5,0,0,2018-09-21 13:23:00.0
2018-09-21 13:23 CEST,3,fair,urban,0,ACHOA,2018-09-21 10:00:00.0 UTC,2018-09-21 11:00:00.0 UTC,airqualityreports,ACHOA,50.03017,14.51745,Praha 4-Chodov,6.7,0,CHMI,21,16.3,0,0,2018-09-21 13:23:00.0
2018-09-21 13:23 CEST,3,fair,traffic,0,AKALA,2018-09-21 10:00:00.0 UTC,2018-09-21 11:00:00.0 UTC,airqualityreports,AKALA,50.094238,14.442049,Praha 8-Karlin,20.5,0,CHMI,28,34.4,0,0,2018-09-21 13:23:00.0
2018-09-21 13:23 CEST,3,fair,suburban,0,AKOBA,2018-09-21 10:00:00.0 UTC,2018-09-21 11:00:00.0 UTC,airqualityreports,AKOBA,50.122189,14.467578,Praha 8-Kobylisy,12.8,105.3,CHMI,21,23.4,0,0,2018-09-21 13:23:00.0
2018-09-21 13:23 CEST,3,fair,traffic,452,ALEGA,2018-09-21 10:00:00.0 UTC,2018-09-21 11:00:00.0 UTC,airqualityreports,ALEGA,50.072388,14.430673,Praha 2-Legerova,57.8,0,CHMI,25,26.5,14,0,2018-09-21 13:23:00.0
2018-09-21 13:23 CEST,3,fair,traffic,0,ALERA,2018-09-21 10:00:00.0 UTC,2018-09-21 11:00:00.0 UTC,airqualityreports,ALERA,50.107086,14.257226,Letiste Praha,43.6,0,Letiste Pr,30,28.6,13,0,2018-09-21 13:23:00.0
2018-09-21 13:23 CEST,3,fair,suburban,370,ALIBA,2018-09-21 10:00:00.0 UTC,2018-09-21 11:00:00.0 UTC,airqualityreports,ALIBA,50.007305,14.445933,Praha 4-Libus,5.9,112.5,CHMI,15.3,16.9,9.6,2.9,2018-09-21 13:23:00.0
2018-09-21 13:23 CEST,3,fair,traffic,0,APRUA,2018-09-21 10:00:00.0 UTC,2018-09-21 11:00:00.0 UTC,airqualityreports,APRUA,50.062298,14.53782,Praha 10-Prumyslova,26.8,0,CHMI,43,46.1,0,0,2018-09-21 13:23:00.0
2018-09-21 13:23 CEST,3,fair,urban,0,AREPA,2018-09-21 10:00:00.0 UTC,2018-09-21 11:00:00.0 UTC,airqualityreports,AREPA,50.088066,14.42922,Praha 1-n. Republiky,23,0,CHMI,24,25.7,0,0,2018-09-21 13:23:00.0
2018-09-21 13:23 CEST,3,fair,suburban,0,ARERA,2018-09-21 10:00:00.0 UTC,2018-09-21 11:00:00.0 UTC,airqualityreports,ARERA,50.030418,14.309517,Praha 5-Reporyje,9.4,0,ZU Usti nL,41,28.6,12,0,2018-09-21 13:23:00.0
2018-09-21 13:23 CEST,3,fair,urban,0,ARIEA,2018-09-21 10:00:00.0 UTC,2018-09-21 11:00:00.0 UTC,airqualityreports,ARIEA,50.081482,14.442692,Praha 2-Riegrovy sady,10.7,109.3,CHMI,25,24.4,18,1.3,2018-09-21 13:23:00.0
2018-09-21 13:23 CEST,4,suitable,traffic,0,ASMIA,2018-09-21 10:00:00.0 UTC,2018-09-21 11:00:00.0 UTC,airqualityreports,ASMIA,50.073135,14.398141,Praha 5-Smichov,131.4,0,CHMI,55,40.5,42,0,2018-09-21 13:23:00.0
2018-09-21 13:23 CEST,3,fair,urban,0,ASROA,2018-09-21 10:00:00.0 UTC,2018-09-21 11:00:00.0 UTC,airqualityreports,ASROA,50.07515,14.472661,Praha 10-Srobarova,9.8,0,SZU,16,19.8,9,0,2018-09-21 13:23:00.0
2018-09-21 13:23 CEST,3,fair,urban,0,ASTOA,2018-09-21 10:00:00.0 UTC,2018-09-21 11:00:00.0 UTC,airqualityreports,ASTOA,50.046131,14.331413,Praha 5-Stodulky,0,109.3,CHMI,22,20.6,18,0,2018-09-21 13:23:00.0
2018-09-21 13:23 CEST,3,fair,suburban,0,ASUCA,2018-09-21 10:00:00.0 UTC,2018-09-21 11:00:00.0 UTC,airqualityreports,ASUCA,50.12653,14.384639,Praha 6-Suchdol,0,103.1,CHMI,25,21.3,0,0,2018-09-21 13:23:00.0
2018-09-21 13:23 CEST,3,fair,traffic,0,AVRSA,2018-09-21 10:00:00.0 UTC,2018-09-21 11:00:00.0 UTC,airqualityreports,AVRSA,50.066429,14.446152,Praha 10-Vrsovice,0,0,CHMI,22,35.1,0,0,2018-09-21 13:23:00.0
2018-09-21 13:23 CEST,3,fair,traffic,0,AVYNA,2018-09-21 10:00:00.0 UTC,2018-09-21 11:00:00.0 UTC,airqualityreports,AVYNA,50.11108,14.503096,Praha 9-Vysocany,25.4,95.2,CHMI,37,34.6,0,0,2018-09-21 13:23:00.0
2018-09-21 12:47 CEST,3,fair,urban,0,ABREA,2018-09-21 09:00:00.0 UTC,2018-09-21 10:00:00.0 UTC,airqualityreports,ABREA,50.084385,14.380116,Praha 6-Brevnov,12.1,0,CHMI,20,18.3,0,0,2018-09-21 12:47:00.0
2018-09-21 12:47 CEST,3,fair,urban,0,ACHOA,2018-09-21 09:00:00.0 UTC,2018-09-21 10:00:00.0 UTC,airqualityreports,ACHOA,50.03017,14.51745,Praha 4-Chodov,8.6,0,CHMI,25,16.2,0,0,2018-09-21 12:47:00.0
2018-09-21 12:47 CEST,3,fair,traffic,0,AKALA,2018-09-21 09:00:00.0 UTC,2018-09-21 10:00:00.0 UTC,airqualityreports,AKALA,50.094238,14.442049,Praha 8-Karlin,19.7,0,CHMI,51,34.1,0,0,2018-09-21 12:47:00.0
2018-09-21 12:47 CEST,3,fair,suburban,0,AKOBA,2018-09-21 09:00:00.0 UTC,2018-09-21 10:00:00.0 UTC,airqualityreports,AKOBA,50.122189,14.467578,Praha 8-Kobylisy,16.6,94.2,CHMI,25,24,0,0,2018-09-21 12:47:00.0
2018-09-21 12:47 CEST,3,fair,traffic,450,ALEGA,2018-09-21 09:00:00.0 UTC,2018-09-21 10:00:00.0 UTC,airqualityreports,ALEGA,50.072388,14.430673,Praha 2-Legerova,58.2,0,CHMI,27,26.5,15,0,2018-09-21 12:47:00.0
2018-09-21 12:47 CEST,0,Incomplete data,traffic,0,ALERA,2018-09-21 09:00:00.0 UTC,2018-09-21 10:00:00.0 UTC,airqualityreports,ALERA,50.107086,14.257226,Letiste Praha,0,0,Letiste Pr,33,28.3,17,0,2018-09-21 12:47:00.0
2018-09-21 12:47 CEST,3,fair,suburban,365,ALIBA,2018-09-21 09:00:00.0 UTC,2018-09-21 10:00:00.0 UTC,airqualityreports,ALIBA,50.007305,14.445933,Praha 4-Libus,6.9,105.7,CHMI,19.2,16.9,9.5,1.3,2018-09-21 12:47:00.0
2018-09-21 12:47 CEST,4,suitable,traffic,0,APRUA,2018-09-21 09:00:00.0 UTC,2018-09-21 10:00:00.0 UTC,airqualityreports,APRUA,50.062298,14.53782,Praha 10-Prumyslova,31.4,0,CHMI,78,45.2,0,0,2018-09-21 12:47:00.0
2018-09-21 12:47 CEST,3,fair,urban,0,AREPA,2018-09-21 09:00:00.0 UTC,2018-09-21 10:00:00.0 UTC,airqualityreports,AREPA,50.088066,14.42922,Praha 1-n. Republiky,21.8,0,CHMI,37,25.5,0,0,2018-09-21 12:47:00.0
2018-09-21 12:47 CEST,3,fair,suburban,0,ARERA,2018-09-21 09:00:00.0 UTC,2018-09-21 10:00:00.0 UTC,airqualityreports,ARERA,50.030418,14.309517,Praha 5-Reporyje,9.4,0,ZU Usti nL,35,28.8,13,0,2018-09-21 12:47:00.0
2018-09-21 12:47 CEST,3,fair,urban,0,ARIEA,2018-09-21 09:00:00.0 UTC,2018-09-21 10:00:00.0 UTC,airqualityreports,ARIEA,50.081482,14.442692,Praha 2-Riegrovy sady,12.6,98.4,CHMI,38,24.8,11,1.3,2018-09-21 12:47:00.0
2018-09-21 12:47 CEST,4,suitable,traffic,0,ASMIA,2018-09-21 09:00:00.0 UTC,2018-09-21 10:00:00.0 UTC,airqualityreports,ASMIA,50.073135,14.398141,Praha 5-Smichov,119.4,0,CHMI,54,40.5,39,0,2018-09-21 12:47:00.0
2018-09-21 12:47 CEST,3,fair,urban,0,ASROA,2018-09-21 09:00:00.0 UTC,2018-09-21 10:00:00.0 UTC,airqualityreports,ASROA,50.07515,14.472661,Praha 10-Srobarova,11.1,0,SZU,19,19.7,10,0,2018-09-21 12:47:00.0
2018-09-21 12:47 CEST,3,fair,urban,0,ASTOA,2018-09-21 09:00:00.0 UTC,2018-09-21 10:00:00.0 UTC,airqualityreports,ASTOA,50.046131,14.331413,Praha 5-Stodulky,0,102.1,CHMI,20,20.4,27,0,2018-09-21 12:47:00.0
2018-09-21 12:47 CEST,3,fair,suburban,0,ASUCA,2018-09-21 09:00:00.0 UTC,2018-09-21 10:00:00.0 UTC,airqualityreports,ASUCA,50.12653,14.384639,Praha 6-Suchdol,0,94,CHMI,43,21.6,0,0,2018-09-21 12:47:00.0
2018-09-21 12:47 CEST,3,fair,traffic,0,AVRSA,2018-09-21 09:00:00.0 UTC,2018-09-21 10:00:00.0 UTC,airqualityreports,AVRSA,50.066429,14.446152,Praha 10-Vrsovice,0,0,CHMI,30,35.1,0,0,2018-09-21 12:47:00.0
2018-09-21 12:47 CEST,3,fair,traffic,0,AVYNA,2018-09-21 09:00:00.0 UTC,2018-09-21 10:00:00.0 UTC,airqualityreports,AVYNA,50.11108,14.503096,Praha 9-Vysocany,35.8,78.4,CHMI,29,34.5,0,0,2018-09-21 12:47:00.0
2018-09-21 12:24 CEST,3,fair,urban,0,ABREA,2018-09-21 09:00:00.0 UTC,2018-09-21 10:00:00.0 UTC,airqualityreports,ABREA,50.084385,14.380116,Praha 6-Brevnov,12.1,0,CHMI,20,18.3,0,0,2018-09-21 12:24:00.0
2018-09-21 12:24 CEST,3,fair,urban,0,ACHOA,2018-09-21 09:00:00.0 UTC,2018-09-21 10:00:00.0 UTC,airqualityreports,ACHOA,50.03017,14.51745,Praha 4-Chodov,8.6,0,CHMI,25,16.2,0,0,2018-09-21 12:24:00.0
2018-09-21 12:24 CEST,3,fair,traffic,0,AKALA,2018-09-21 09:00:00.0 UTC,2018-09-21 10:00:00.0 UTC,airqualityreports,AKALA,50.094238,14.442049,Praha 8-Karlin,19.7,0,CHMI,51,34.1,0,0,2018-09-21 12:24:00.0
2018-09-21 12:24 CEST,3,fair,suburban,0,AKOBA,2018-09-21 09:00:00.0 UTC,2018-09-21 10:00:00.0 UTC,airqualityreports,AKOBA,50.122189,14.467578,Praha 8-Kobylisy,16.6,94.2,CHMI,25,24,0,0,2018-09-21 12:24:00.0
2018-09-21 12:24 CEST,3,fair,traffic,450,ALEGA,2018-09-21 09:00:00.0 UTC,2018-09-21 10:00:00.0 UTC,airqualityreports,ALEGA,50.072388,14.430673,Praha 2-Legerova,58.2,0,CHMI,27,26.5,15,0,2018-09-21 12:24:00.0
2018-09-21 12:24 CEST,0,Incomplete data,traffic,0,ALERA,2018-09-21 09:00:00.0 UTC,2018-09-21 10:00:00.0 UTC,airqualityreports,ALERA,50.107086,14.257226,Letiste Praha,0,0,Letiste Pr,33,28.3,17,0,2018-09-21 12:24:00.0
2018-09-21 12:24 CEST,3,fair,suburban,365,ALIBA,2018-09-21 09:00:00.0 UTC,2018-09-21 10:00:00.0 UTC,airqualityreports,ALIBA,50.007305,14.445933,Praha 4-Libus,6.9,105.7,CHMI,19.2,16.9,9.5,1.3,2018-09-21 12:24:00.0
2018-09-21 12:24 CEST,4,suitable,traffic,0,APRUA,2018-09-21 09:00:00.0 UTC,2018-09-21 10:00:00.0 UTC,airqualityreports,APRUA,50.062298,14.53782,Praha 10-Prumyslova,31.4,0,CHMI,78,45.2,0,0,2018-09-21 12:24:00.0
2018-09-21 12:24 CEST,3,fair,urban,0,AREPA,2018-09-21 09:00:00.0 UTC,2018-09-21 10:00:00.0 UTC,airqualityreports,AREPA,50.088066,14.42922,Praha 1-n. Republiky,21.8,0,CHMI,37,25.5,0,0,2018-09-21 12:24:00.0
2018-09-21 12:24 CEST,3,fair,suburban,0,ARERA,2018-09-21 09:00:00.0 UTC,2018-09-21 10:00:00.0 UTC,airqualityreports,ARERA,50.030418,14.309517,Praha 5-Reporyje,9.4,0,ZU Usti nL,35,28.8,13,0,2018-09-21 12:24:00.0
2018-09-21 12:24 CEST,3,fair,urban,0,ARIEA,2018-09-21 09:00:00.0 UTC,2018-09-21 10:00:00.0 UTC,airqualityreports,ARIEA,50.081482,14.442692,Praha 2-Riegrovy sady,12.6,98.4,CHMI,38,24.8,11,1.3,2018-09-21 12:24:00.0
2018-09-21 12:24 CEST,4,suitable,traffic,0,ASMIA,2018-09-21 09:00:00.0 UTC,2018-09-21 10:00:00.0 UTC,airqualityreports,ASMIA,50.073135,14.398141,Praha 5-Smichov,119.4,0,CHMI,54,40.5,39,0,2018-09-21 12:24:00.0
2018-09-21 12:24 CEST,3,fair,urban,0,ASROA,2018-09-21 09:00:00.0 UTC,2018-09-21 10:00:00.0 UTC,airqualityreports,ASROA,50.07515,14.472661,Praha 10-Srobarova,11.1,0,SZU,19,19.7,10,0,2018-09-21 12:24:00.0
2018-09-21 12:24 CEST,3,fair,urban,0,ASTOA,2018-09-21 09:00:00.0 UTC,2018-09-21 10:00:00.0 UTC,airqualityreports,ASTOA,50.046131,14.331413,Praha 5-Stodulky,0,102.1,CHMI,20,20.4,27,0,2018-09-21 12:24:00.0
2018-09-21 12:24 CEST,3,fair,suburban,0,ASUCA,2018-09-21 09:00:00.0 UTC,2018-09-21 10:00:00.0 UTC,airqualityreports,ASUCA,50.12653,14.384639,Praha 6-Suchdol,0,94,CHMI,43,21.6,0,0,2018-09-21 12:24:00.0
2018-09-21 12:24 CEST,3,fair,traffic,0,AVRSA,2018-09-21 09:00:00.0 UTC,2018-09-21 10:00:00.0 UTC,airqualityreports,AVRSA,50.066429,14.446152,Praha 10-Vrsovice,0,0,CHMI,30,35.1,0,0,2018-09-21 12:24:00.0
2018-09-21 12:24 CEST,3,fair,traffic,0,AVYNA,2018-09-21 09:00:00.0 UTC,2018-09-21 10:00:00.0 UTC,airqualityreports,AVYNA,50.11108,14.503096,Praha 9-Vysocany,35.8,78.4,CHMI,29,34.5,0,0,2018-09-21 12:24:00.0
2018-09-21 11:47 CEST,3,fair,urban,0,ABREA,2018-09-21 08:00:00.0 UTC,2018-09-21 09:00:00.0 UTC,airqualityreports,ABREA,50.084385,14.380116,Praha 6-Brevnov,13.4,0,CHMI,29,18.1,0,0,2018-09-21 11:47:00.0
2018-09-21 11:47 CEST,3,fair,urban,0,ACHOA,2018-09-21 08:00:00.0 UTC,2018-09-21 09:00:00.0 UTC,airqualityreports,ACHOA,50.03017,14.51745,Praha 4-Chodov,10.1,0,CHMI,27,15.7,0,0,2018-09-21 11:47:00.0
2018-09-21 11:47 CEST,3,fair,traffic,0,AKALA,2018-09-21 08:00:00.0 UTC,2018-09-21 09:00:00.0 UTC,airqualityreports,AKALA,50.094238,14.442049,Praha 8-Karlin,44.6,0,CHMI,47,33.7,0,0,2018-09-21 11:47:00.0
2018-09-21 11:47 CEST,2,good,suburban,0,AKOBA,2018-09-21 08:00:00.0 UTC,2018-09-21 09:00:00.0 UTC,airqualityreports,AKOBA,50.122189,14.467578,Praha 8-Kobylisy,45.7,51.5,CHMI,20,23.7,0,0,2018-09-21 11:47:00.0
2018-09-21 11:47 CEST,3,fair,traffic,462,ALEGA,2018-09-21 08:00:00.0 UTC,2018-09-21 09:00:00.0 UTC,airqualityreports,ALEGA,50.072388,14.430673,Praha 2-Legerova,62.4,0,CHMI,31,26.5,17,0,2018-09-21 11:47:00.0
2018-09-21 11:47 CEST,3,fair,traffic,0,ALERA,2018-09-21 08:00:00.0 UTC,2018-09-21 09:00:00.0 UTC,airqualityreports,ALERA,50.107086,14.257226,Letiste Praha,17.6,0,Letiste Pr,38,27.7,20,0,2018-09-21 11:47:00.0
2018-09-21 11:47 CEST,3,fair,suburban,355,ALIBA,2018-09-21 08:00:00.0 UTC,2018-09-21 09:00:00.0 UTC,airqualityreports,ALIBA,50.007305,14.445933,Praha 4-Libus,9.2,94.2,CHMI,24.5,16.8,8.2,1.3,2018-09-21 11:47:00.0
2018-09-21 11:47 CEST,5,poor,traffic,0,APRUA,2018-09-21 08:00:00.0 UTC,2018-09-21 09:00:00.0 UTC,airqualityreports,APRUA,50.062298,14.53782,Praha 10-Prumyslova,45.3,0,CHMI,113,43.2,0,0,2018-09-21 11:47:00.0
2018-09-21 11:47 CEST,3,fair,urban,0,AREPA,2018-09-21 08:00:00.0 UTC,2018-09-21 09:00:00.0 UTC,airqualityreports,AREPA,50.088066,14.42922,Praha 1-n. Republiky,29.3,0,CHMI,40,25.3,0,0,2018-09-21 11:47:00.0
2018-09-21 11:47 CEST,3,fair,suburban,0,ARERA,2018-09-21 08:00:00.0 UTC,2018-09-21 09:00:00.0 UTC,airqualityreports,ARERA,50.030418,14.309517,Praha 5-Reporyje,17.2,0,ZU Usti nL,44,28.3,16,0,2018-09-21 11:47:00.0
2018-09-21 11:47 CEST,3,fair,urban,0,ARIEA,2018-09-21 08:00:00.0 UTC,2018-09-21 09:00:00.0 UTC,airqualityreports,ARIEA,50.081482,14.442692,Praha 2-Riegrovy sady,22.8,75.6,CHMI,43,24.3,13,1.3,2018-09-21 11:47:00.0
2018-09-21 11:47 CEST,3,fair,traffic,0,ASMIA,2018-09-21 08:00:00.0 UTC,2018-09-21 09:00:00.0 UTC,airqualityreports,ASMIA,50.073135,14.398141,Praha 5-Smichov,94.3,0,CHMI,66,40.8,30,0,2018-09-21 11:47:00.0
2018-09-21 11:47 CEST,3,fair,urban,0,ASROA,2018-09-21 08:00:00.0 UTC,2018-09-21 09:00:00.0 UTC,airqualityreports,ASROA,50.07515,14.472661,Praha 10-Srobarova,22.8,0,SZU,23,19.7,12,0,2018-09-21 11:47:00.0
2018-09-21 11:47 CEST,3,fair,urban,0,ASTOA,2018-09-21 08:00:00.0 UTC,2018-09-21 09:00:00.0 UTC,airqualityreports,ASTOA,50.046131,14.331413,Praha 5-Stodulky,0,86.4,CHMI,33,20.8,12,0,2018-09-21 11:47:00.0
2018-09-21 11:47 CEST,3,fair,suburban,0,ASUCA,2018-09-21 08:00:00.0 UTC,2018-09-21 09:00:00.0 UTC,airqualityreports,ASUCA,50.12653,14.384639,Praha 6-Suchdol,0,79.8,CHMI,24,21.1,0,0,2018-09-21 11:47:00.0
2018-09-21 11:47 CEST,3,fair,traffic,0,AVRSA,2018-09-21 08:00:00.0 UTC,2018-09-21 09:00:00.0 UTC,airqualityreports,AVRSA,50.066429,14.446152,Praha 10-Vrsovice,0,0,CHMI,39,34.9,0,0,2018-09-21 11:47:00.0
2018-09-21 11:47 CEST,3,fair,traffic,0,AVYNA,2018-09-21 08:00:00.0 UTC,2018-09-21 09:00:00.0 UTC,airqualityreports,AVYNA,50.11108,14.503096,Praha 9-Vysocany,79.8,28.5,CHMI,61,34.5,0,0,2018-09-21 11:47:00.0
